Aircraft Profile,Full Aircraft Name,Virtual Airlines,Maximum Range,Minimum Takeoff Runway Length,Minimum Landing Runway Length,Passenger Capacity,IATA Equipment Code(s),ETOPS Rating,Maximum Weight,Maximum Zero Fuel Weight,Maximum Takeoff Weight,Maximum Landing Weight,Engine Information,Cruise Speed,Fuel Flow,Base Fuel,Taxi Fuel,Primary Tanks,Primary Percentage,Secondary Tanks,Secondary Percentage,Other Tanks
A220-100,Bombardier/Airbus A220-100,DVA,"2,415 Statute Miles","4,800 feet","4,550 feet",109 seats,"220, 221",This Aircraft is ETOPS-rated (ETOPS180),"135,000 pounds","111,000 pounds","134,000 pounds","115,600 pounds",2 x PW1500G,515 knots,"2,500 pounds per engine per hour","5,000 pounds",250 pounds,"Left Main, Right Main",Fill to 90 percent before filling Secondary tanks,Center,Fill to 0 percent before filling Other tanks,NONE
A220-300,Bombardier/Airbus A220-300,DVA,"2,460 Statute Miles","4,800 feet","4,550 feet",130 seats,"220, 223",This Aircraft is ETOPS-rated (ETOPS180),"149,000 pounds","123,000 pounds","149,000 pounds","122,000 pounds",2 x PW1500G,515 knots,"2,500 pounds per engine per hour","5,000 pounds",250 pounds,"Left Main, Right Main",Fill to 90 percent before filling Secondary tanks,Center,Fill to 0 percent before filling Other tanks,NONE
A300-200,Airbus A300B4-200,"AFV, DVA","3,400 Statute Miles","9,000 feet","5,000 feet",266 seats,"AB3, AB4",This is a Historic Aircraft This Aircraft is ETOPS-rated (ETOPS90),"364,000 pounds","260,000 pounds","360,000 pounds","351,000 pounds",2 x GE CF6-50C,440 knots,"5,500 pounds per engine per hour","1,500 pounds","1,000 pounds","Left Main, Right Main",Fill to 95 percent before filling Secondary tanks,Center,Fill to 0 percent before filling Other tanks,NONE
A300-600,Airbus A300-600,"AFV, DVA","4,000 Statute Miles","7,000 feet","4,500 feet",266 seats,"306, AB6, ABF, ABX, ABY",This is a Historic Aircraft This Aircraft is ETOPS-rated (ETOPS180),"380,500 pounds","286,600 pounds","378,500 pounds","308,600 pounds",2 x GE CF6-80C2 or PW4158,450 knots,"5,450 pounds per engine per hour","5,000 pounds","2,000 pounds","Center, Left Main, Right Main",Fill to 100 percent before filling Secondary tanks,NONE,Fill to 0 percent before filling Other tanks,NONE
A310,Airbus A310-200,"AFV, DVA","5,150 Statute Miles","6,000 feet","4,500 feet",238 seats,"310, 312, 313, 31F, 31X, 31Y",This is a Historic Aircraft This Aircraft is ETOPS-rated (ETOPS180),"338,207 pounds","251,327 pounds","337,307 pounds","273,373 pounds",2 x P&W JT9D,450 knots,"4,930 pounds per engine per hour","5,000 pounds","2,000 pounds","Left Main, Right Main",Fill to 90 percent before filling Secondary tanks,Center,Fill to 0 percent before filling Other tanks,"Center 2, Left Aux, Right Aux"
A318,Airbus A318-100,"AFV, DVA","3,742 Statute Miles","4,400 feet","4,400 feet",107 seats,318,This Aircraft is ETOPS-rated (ETOPS180),"150,796 pounds","120,152 pounds","149,914 pounds","126,766 pounds",2 x CFM56-5B8,460 knots,"2,760 pounds per engine per hour","4,000 pounds","1,500 pounds","Left Main, Right Main",Fill to 95 percent before filling Secondary tanks,Center,Fill to 0 percent before filling Other tanks,NONE
A319,Airbus A319-100,"AFV, DVA","4,260 Statute Miles","4,800 feet","4,400 feet",132 seats,"319, 31W",This Aircraft is ETOPS-rated (ETOPS180),"162,922 pounds","128,970 pounds","162,040 pounds","137,789 pounds",2 x CFM56-3C,460 knots,"2,850 pounds per engine per hour","5,000 pounds","2,000 pounds","Left Main, Right Main",Fill to 90 percent before filling Secondary tanks,Center,Fill to 0 percent before filling Other tanks,NONE
A320,Airbus A320-200,"AFV, DVA","3,838 Statute Miles","5,699 feet","4,000 feet",154 seats,"320, 32A, 32S",This Aircraft is ETOPS-rated (ETOPS180),"175,047 pounds","141,757 pounds","174,165 pounds","148,591 pounds",2 x CFM56-5A,400 knots,"2,890 pounds per engine per hour","4,000 pounds","1,500 pounds","Left Main, Right Main",Fill to 95 percent before filling Secondary tanks,Center,Fill to 0 percent before filling Other tanks,"Left Aux, Right Aux"
A320neo,Airbus A320neo,"AFV, DVA","4,504 Statute Miles","4,340 feet","4,340 feet",180 seats,32N,This Aircraft is ETOPS-rated (ETOPS180),"175,047 pounds","141,757 pounds","174,165 pounds","148,591 pounds",2 x CFM56-5B LEAP,450 knots,"3,200 pounds per engine per hour","3,000 pounds","1,000 pounds","Left Main, Right Main",Fill to 95 percent before filling Secondary tanks,Center,Fill to 0 percent before filling Other tanks,NONE
A321,Airbus A321-100,"AFV, DVA","3,685 Statute Miles","4,680 feet","4,900 feet",192 seats,"321, 32B",This Aircraft is ETOPS-rated (ETOPS180),"205,912 pounds","162,701 pounds","205,912 pounds","171,520 pounds",2 x CFM56-5B,450 knots,"3,200 pounds per engine per hour","5,000 pounds","2,000 pounds","Left Main, Right Main",Fill to 90 percent before filling Secondary tanks,Center,Fill to 0 percent before filling Other tanks,NONE
A321neo,Airbus A321neo,"AFV, DVA","4,000 Statute Miles","4,680 feet","4,900 feet",194 seats,"21N, 32Q, 3NE",This Aircraft is ETOPS-rated (ETOPS180),"205,912 pounds","162,701 pounds","205,912 pounds","174,606 pounds",2 x CFM56-5B LEAP,450 knots,"3,200 pounds per engine per hour","5,000 pounds","2,000 pounds","Left Main, Right Main",Fill to 90 percent before filling Secondary tanks,NONE,Fill to 0 percent before filling Other tanks,NONE
A330-200,Airbus A330-200,"AFV, DVA","8,630 Statute Miles","7,546 feet","3,500 feet",234 seats,"330, 332, I93, I9M, IL9",This Aircraft is ETOPS-rated (ETOPS240),"526,684 pounds","374,786 pounds","524,700 pounds","401,241 pounds",2 x GE CF6-80E,465 knots,"5,610 pounds per engine per hour","6,000 pounds","2,000 pounds","Center, Left Main, Right Main",Fill to 95 percent before filling Secondary tanks,"Left Aux, Right Aux",Fill to 0 percent before filling Other tanks,Center 2
A330-300,A330-300,"AFV, DVA","6,736 Statute Miles","7,546 feet","5,500 feet",293 seats,"330, 333",This Aircraft is ETOPS-rated (ETOPS240),"533,610 pounds","385,805 pounds","533,610 pounds","428,260 pounds",2 x GE CF6-80E1,465 knots,"5,610 pounds per engine per hour","8,500 pounds","2,000 pounds","Left Main, Right Main",Fill to 95 percent before filling Secondary tanks,"Center, Center 2",Fill to 100 percent before filling Other tanks,"Center 2, Center 3, Left Aux, Right Aux"
A330-900,A330-900 Neo,"AFV, DVA","8,285 Statute Miles","7,710 feet","6,000 feet",281 seats,339,This Aircraft is ETOPS-rated (ETOPS240),"555,344 pounds","491,018 pounds","553,360 pounds","421,083 pounds",2 x Rolls-Royce Trent 7000-72,465 knots,"8,610 pounds per engine per hour","6,000 pounds","2,000 pounds","Center, Left Main, Right Main",Fill to 95 percent before filling Secondary tanks,"Left Aux, Right Aux",Fill to 95 percent before filling Other tanks,Center 2
A340-200,Airbus A340-200,"AFV, DVA","7,710 Statute Miles","6,000 feet","5,000 feet",240 seats,342,,"606,300 pounds","424,700 pounds","606,300 pounds","399,000 pounds",4 x CFM56-5C,480 knots,"3,700 pounds per engine per hour","5,000 pounds","2,500 pounds","Left Main, Right Main",Fill to 95 percent before filling Secondary tanks,Center,Fill to 0 percent before filling Other tanks,"Center 2, Center 3, Left Aux, Right Aux"
A340-300,Airbus A340-300,"AFV, DVA","8,521 Statute Miles","6,000 feet","6,000 feet",295 seats,"340, 343",,"608,300 pounds","403,300 pounds","606,000 pounds","423,000 pounds",4 x CFM56-5C4,430 knots,"3,700 pounds per engine per hour","5,000 pounds","2,500 pounds","Left Main, Right Main",Fill to 90 percent before filling Secondary tanks,Center,Fill to 0 percent before filling Other tanks,"Center 2, Center 3, Left Aux, Right Aux"
A340-500,Airbus A340-500,"AFV, DVA","10,357 Statute Miles","6,000 feet","7,000 feet",313 seats,345,,"821,000 pounds","506,900 pounds","820,100 pounds","535,700 pounds",4 x RR Trent 500,465 knots,"5,275 pounds per engine per hour","6,000 pounds","2,500 pounds","Center, Left Main, Right Main",Fill to 90 percent before filling Secondary tanks,"Center 2, Left Aux, Right Aux",Fill to 100 percent before filling Other tanks,NONE
A340-600,Airbus A340-600,"AFV, DVA","9,091 Statute Miles","8,500 feet","6,905 feet",380 seats,346,,"813,900 pounds","540,000 pounds","811,300 pounds","571,000 pounds",4 x RR Trent 556,465 knots,"5,775 pounds per engine per hour","6,000 pounds","2,500 pounds","Center, Left Main, Right Main",Fill to 0 percent before filling Secondary tanks,NONE,Fill to 0 percent before filling Other tanks,NONE
A350-1000,Airbus A350-1000 XWB,"AFV, DVA","10,012 Statute Miles","9,000 feet","4,500 feet",369 seats,"350, 35K",This Aircraft is ETOPS-rated (ETOPS330),"705,300 pounds","491,631 pounds","703,300 pounds","520,300 pounds",2 x Trent XWB-97,487 knots,"7,500 pounds per engine per hour","8,000 pounds",500 pounds,"Center, Left Main",Fill to 95 percent before filling Secondary tanks,NONE,Fill to 100 percent before filling Other tanks,NONE
A350-900,Airbus A350 XWB,"AFV, DVA","9,321 Statute Miles","7,200 feet","6,400 feet",324 seats,"350, 351, 358, 359",This Aircraft is ETOPS-rated (ETOPS330),"623,908 pounds","432,000 pounds","623,908 pounds","457,000 pounds",2 x Trent XWB-84,487 knots,"12,000 pounds per engine per hour","12,000 pounds","1,000 pounds","Center, Left Main, Right Main",Fill to 95 percent before filling Secondary tanks,NONE,Fill to 100 percent before filling Other tanks,NONE
A380-800,Airbus A380-800,"AFV, DVA","9,444 Statute Miles","9,020 feet","5,000 feet",525 seats,388,,"1,272,067 pounds","813,505 pounds","1,267,658 pounds","868,621 pounds",4 x Engine Alliance GP7000,460 knots,"5,200 pounds per engine per hour","6,000 pounds","3,000 pounds","Center, Center 2, Center 3, Left Main, Left Aux, Left Tip, Right Main, Right Aux, Right Tip",Fill to 95 percent before filling Secondary tanks,NONE,Fill to 0 percent before filling Other tanks,NONE
ATR-42,ATR-42,"AFV, DVA",840 Statute Miles,"3,576 feet","2,907 feet",52 seats,"AT4, AT5, AT6, ATR",,"41,380 pounds","36,817 pounds","41,005 pounds","40,344 pounds",2 x PW-127,300 knots,"1,252 pounds per engine per hour","1,894 pounds",528 pounds,"Left Main, Right Main",Fill to 100 percent before filling Secondary tanks,Center,Fill to 100 percent before filling Other tanks,NONE
ATR-72,ATR-72,"AFV, DVA",949 Statute Miles,"4,373 feet","2,805 feet",70 seats,"AT7, ATR",,"49,978 pounds","44,092 pounds","49,608 pounds","49,272 pounds",2 x PW-127,287 knots,"1,186 pounds per engine per hour","1,894 pounds",528 pounds,"Left Main, Right Main",Fill to 100 percent before filling Secondary tanks,Center,Fill to 0 percent before filling Other tanks,NONE
Avro RJ-100,Avro RJ-100,DVA,"1,401 Statute Miles","4,528 feet","3,973 feet",118 seats,RJ,,"102,500 pounds","83,500 pounds","101,500 pounds","88,500 pounds",4 x LF507-1F,414 knots,"1,025 pounds per engine per hour","4,100 pounds",700 pounds,"Left Main, Right Main",Fill to 100 percent before filling Secondary tanks,Center,Fill to 0 percent before filling Other tanks,NONE
Avro RJ-70,Avro RJ-70,DVA,"1,687 Statute Miles","4,100 feet","3,550 feet",82 seats,RJ,,"95,000 pounds","74,500 pounds","95,000 pounds","83,500 pounds",4 x LF507-1F,414 knots,"1,025 pounds per engine per hour","4,100 pounds",700 pounds,"Left Main, Right Main",Fill to 100 percent before filling Secondary tanks,Center,Fill to 0 percent before filling Other tanks,NONE
Avro RJ-85,Avro RJ-85,"AFV, DVA","1,841 Statute Miles","4,100 feet","3,700 feet",97 seats,RJ,,"101,500 pounds","97,000 pounds","97,000 pounds","85,000 pounds",4 x LF507-1F,414 knots,"1,025 pounds per engine per hour","4,100 pounds",700 pounds,"Left Main, Right Main",Fill to 100 percent before filling Secondary tanks,Center,Fill to 0 percent before filling Other tanks,NONE
B1900,B1900,"AFV, DVA","1,476 Statute Miles","2,470 feet","1,900 feet",19 seats,BE1,,"17,250 pounds","16,500 pounds","17,120 pounds","16,000 pounds",2 x PW PT6A,400 knots,560 pounds per engine per hour,750 pounds,75 pounds,Center,Fill to 0 percent before filling Secondary tanks,NONE,Fill to 0 percent before filling Other tanks,NONE
B247D,Boeing 247D,DVA,748 Statute Miles,"1,500 feet","1,500 feet",10 seats,B247,,"13,650 pounds","13,000 pounds","13,650 pounds","13,650 pounds",2 x P&W R-1340/S1H1-G,170 knots,192 pounds per engine per hour,480 pounds,25 pounds,"Left Main, Right Main",Fill to 100 percent before filling Secondary tanks,NONE,Fill to 0 percent before filling Other tanks,NONE
B350,Beechcraft King Air 350,DVA,"1,509 Statute Miles","3,300 feet","3,161 feet",6 seats,B350,,"15,000 pounds","12,500 pounds","15,000 pounds","15,000 pounds",2 x Pratt & Whitney Canada PT6A-60A,300 knots,385 pounds per engine per hour,200 pounds,20 pounds,"Left Main, Right Main",Fill to 100 percent before filling Secondary tanks,"Left Aux, Right Aux",Fill to 99 percent before filling Other tanks,NONE
B377,Boeing 377 Stratocruiser,"AFV, DVA","4,200 Statute Miles","4,190 feet","3,500 feet",100 seats,377,,"148,000 pounds","121,695 pounds","147,004 pounds","123,458 pounds",4 x PW R-4360,200 knots,853 pounds per engine per hour,"3,500 pounds",450 pounds,"Left Main, Left Aux, Right Main, Right Aux",Fill to 90 percent before filling Secondary tanks,"Center, Left Aux, Right Aux",Fill to 0 percent before filling Other tanks,NONE
B707-120,B707-120,"AFV, DVA","3,100 Statute Miles","5,000 feet","5,000 feet",120 seats,701,,"260,000 pounds","170,000 pounds","257,000 pounds","190,000 pounds",4 x P&W JT3C,450 knots,"3,000 pounds per engine per hour","4,000 pounds","1,500 pounds","Center 2, Center 3, Left Aux, Right Aux",Fill to 95 percent before filling Secondary tanks,"Center, Center 2, Center 3",Fill to 100 percent before filling Other tanks,"Left Main, Right Main"
B707-320,Boeing B707-320C,"AFV, DVA","6,200 Statute Miles","5,000 feet","5,300 feet",149 seats,703,,"322,000 pounds","194,700 pounds","322,000 pounds","246,400 pounds",4 x P&W JT3D-3,480 knots,"2,600 pounds per engine per hour","3,000 pounds","2,000 pounds","Center 2, Center 3, Left Aux, Right Aux",Fill to 100 percent before filling Secondary tanks,"Center, Center 2, Center 3",Fill to 95 percent before filling Other tanks,"Left Main, Right Main"
B717-200,Boeing B717-200,"AFV, DVA","2,060 Statute Miles","5,500 feet","4,650 feet",110 seats,"712, 717",This Aircraft is ETOPS-rated (ETOPS75),"122,000 pounds","100,500 pounds","121,000 pounds","110,000 pounds",2 x Rolls Royce BR715-C1-30,438 knots,"3,000 pounds per engine per hour","2,000 pounds","1,000 pounds","Left Main, Right Main",Fill to 95 percent before filling Secondary tanks,Center,Fill to 100 percent before filling Other tanks,NONE
B720,Boeing B720,"AFV, DVA","3,570 Statute Miles","5,500 feet","5,500 feet",112 seats,,,"235,000 pounds","139,000 pounds","234,000 pounds","175,000 pounds",4 x P&W JT3D-3,450 knots,"2,600 pounds per engine per hour","3,000 pounds","1,500 pounds","Center 2, Center 3, Left Aux, Right Aux",Fill to 95 percent before filling Secondary tanks,"Center, Center 2, Center 3",Fill to 95 percent before filling Other tanks,"Left Main, Right Main"
B727-100,Boeing B727-100,"AFV, DVA","3,107 Statute Miles","3,500 feet","3,900 feet",139 seats,721,,"197,700 pounds","120,000 pounds","197,000 pounds","154,500 pounds",3 x P&W JT8D-9,450 knots,"3,100 pounds per engine per hour","2,000 pounds","1,500 pounds",Center,Fill to 30 percent before filling Secondary tanks,"Left Main, Right Main",Fill to 0 percent before filling Other tanks,NONE
B727-200,Boeing B727-200,"AFV, DVA","2,877 Statute Miles","3,999 feet","3,750 feet",145 seats,"722, 727",,"210,000 pounds","135,400 pounds","209,500 pounds","160,000 pounds",3 x P&W JT8D-17,450 knots,"3,200 pounds per engine per hour","2,500 pounds","1,500 pounds",Center,Fill to 30 percent before filling Secondary tanks,"Left Main, Right Main",Fill to 0 percent before filling Other tanks,NONE
B737 MAX 7,Boeing 737-7 MAX,"AFV, DVA","3,850 Statute Miles","3,000 feet","2,500 feet",135 seats,"37M, 7M7",This Aircraft is ETOPS-rated (ETOPS120),"178,000 pounds","138,700 pounds","177,000 pounds","145,600 pounds",2 x CFM LEAP-1B,425 knots,"2,900 pounds per engine per hour","4,000 pounds","1,500 pounds","Left Main, Right Main",Fill to 90 percent before filling Secondary tanks,Center,Fill to 0 percent before filling Other tanks,NONE
B737 MAX 8,Boeing 737 MAX 8,"AFV, DVA","4,045 Statute Miles","7,000 feet","5,000 feet",174 seats,"38M, 7M8",This Aircraft is ETOPS-rated (ETOPS180),"181,700 pounds","145,400 pounds","181,200 pounds","152,800 pounds",2 x CFM International Leap 1-B,435 knots,"2,230 pounds per engine per hour","4,000 pounds",800 pounds,"Left Main, Right Main",Fill to 99 percent before filling Secondary tanks,Center,Fill to 0 percent before filling Other tanks,NONE
B737 MAX 9,Boeing 737 MAX 9,"AFV, DVA","6,570 Statute Miles","7,000 feet","5,000 feet",178 seats,"39M, 7M9",This Aircraft is ETOPS-rated (ETOPS120),"195,000 pounds","156,506 pounds","194,690 pounds","163,892 pounds",2 x CFM International Leap 1-B,435 knots,"2,230 pounds per engine per hour","4,000 pounds",900 pounds,"Left Main, Right Main",Fill to 99 percent before filling Secondary tanks,NONE,Fill to 0 percent before filling Other tanks,Center
B737-200,B737-200,"AFV, DVA","2,550 Statute Miles","4,000 feet","3,000 feet",102 seats,"732, 73L, 73M, 73X",This is a Historic Aircraft This Aircraft is ETOPS-rated (ETOPS120),"128,600 pounds","95,000 pounds","128,100 pounds","107,000 pounds",2 x P&W JT8D-9,425 knots,"3,100 pounds per engine per hour","5,000 pounds","1,900 pounds","Left Main, Right Main",Fill to 95 percent before filling Secondary tanks,Center,Fill to 0 percent before filling Other tanks,NONE
B737-300,B737-300,"AFV, DVA","3,550 Statute Miles","3,500 feet","3,250 feet",128 seats,"733, 73A, 73C, 73N, 73Q",This is a Historic Aircraft This Aircraft is ETOPS-rated (ETOPS120),"140,000 pounds","106,500 pounds","139,500 pounds","116,600 pounds",2 x CFM56-3B2,420 knots,"3,200 pounds per engine per hour","4,000 pounds","2,000 pounds","Left Main, Right Main",Fill to 100 percent before filling Secondary tanks,NONE,Fill to 0 percent before filling Other tanks,NONE
B737-400,Boeing 737-400,"AFV, DVA","3,350 Statute Miles","3,800 feet","3,450 feet",146 seats,734,This is a Historic Aircraft This Aircraft is ETOPS-rated (ETOPS120),"155,000 pounds","117,000 pounds","150,000 pounds","124,000 pounds",2 x CFM56-3C,420 knots,"3,300 pounds per engine per hour","4,000 pounds","1,500 pounds","Left Main, Right Main",Fill to 95 percent before filling Secondary tanks,Center,Fill to 0 percent before filling Other tanks,NONE
B737-500,Boeing 737-500,"AFV, DVA","3,550 Statute Miles","3,600 feet","3,200 feet",108 seats,"735, 73E",This is a Historic Aircraft This Aircraft is ETOPS-rated (ETOPS120),"136,500 pounds","103,000 pounds","136,000 pounds","110,000 pounds",2 x CFM56-3B1,420 knots,"3,950 pounds per engine per hour","4,000 pounds","1,500 pounds","Left Main, Right Main",Fill to 100 percent before filling Secondary tanks,NONE,Fill to 0 percent before filling Other tanks,NONE
B737-600,Boeing 737-600,"AFV, DVA","4,100 Statute Miles","3,000 feet","3,400 feet",108 seats,736,This Aircraft is ETOPS-rated (ETOPS180),"145,000 pounds","114,000 pounds","144,500 pounds","121,500 pounds",2 x CFMI CFM56-7,420 knots,"3,500 pounds per engine per hour","4,000 pounds","1,500 pounds","Left Main, Right Main",Fill to 90 percent before filling Secondary tanks,Center,Fill to 0 percent before filling Other tanks,NONE
B737-700,Boeing 737-700,"AFV, DVA","4,000 Statute Miles","3,000 feet","3,500 feet",128 seats,"737, 73G, 73R, 73W",This Aircraft is ETOPS-rated (ETOPS180),"155,000 pounds","121,700 pounds","154,500 pounds","129,200 pounds",2 x CFM56-7B26,425 knots,"2,900 pounds per engine per hour","4,000 pounds","1,500 pounds","Left Main, Right Main",Fill to 90 percent before filling Secondary tanks,Center,Fill to 0 percent before filling Other tanks,NONE
B737-800,Boeing 737-800,"AFV, DVA","3,650 Statute Miles","3,100 feet","3,800 feet",160 seats,"738, 73H, 7S8",This Aircraft is ETOPS-rated (ETOPS180),"174,700 pounds","136,001 pounds","174,200 pounds","146,300 pounds",2 x CFM 56-7B27,435 knots,"2,950 pounds per engine per hour","4,000 pounds",900 pounds,"Left Main, Right Main",Fill to 90 percent before filling Secondary tanks,Center,Fill to 0 percent before filling Other tanks,NONE
B737-900,Boeing 737-900,"AFV, DVA","3,050 Statute Miles","3,300 feet","4,150 feet",178 seats,"739, 73J",This Aircraft is ETOPS-rated (ETOPS180),"174,700 pounds","138,295 pounds","174,200 pounds","147,300 pounds",2 x CFM56-7B,440 knots,"2,950 pounds per engine per hour","4,000 pounds","1,500 pounds","Left Main, Right Main",Fill to 90 percent before filling Secondary tanks,Center,Fill to 0 percent before filling Other tanks,NONE
B737-900ER,Boeing 737-900ER,"AFV, DVA","3,660 Statute Miles","3,000 feet","3,975 feet",180 seats,39E,This Aircraft is ETOPS-rated (ETOPS180),"188,200 pounds","149,300 pounds","187,700 pounds","157,300 pounds",2 x CFM56-7B27,440 knots,"2,950 pounds per engine per hour","4,000 pounds","1,500 pounds","Left Main, Right Main",Fill to 90 percent before filling Secondary tanks,Center,Fill to 0 percent before filling Other tanks,NONE
B737-BBJ1,Boeing 737-700-IGW BBJ1,"AFV, DVA","6,340 Statute Miles","4,700 feet","4,117 feet",30 seats,BBJ,This Aircraft is ETOPS-rated (ETOPS180),"171,500 pounds","126,000 pounds","171,000 pounds","134,000 pounds",2 x CFM56-7B27,425 knots,"2,900 pounds per engine per hour","4,000 pounds","1,500 pounds","Left Main, Right Main",Fill to 90 percent before filling Secondary tanks,"Center, Center 2, Center 3, Left Aux, Right Aux",Fill to 0 percent before filling Other tanks,NONE
B737-BBJ2,Boeing 737-800 BBJ2,DVA,"6,495 Statute Miles","6,170 feet","2,752 feet",78 seats,,This Aircraft is ETOPS-rated (ETOPS180),"175,833 pounds","138,006 pounds","173,833 pounds","145,860 pounds",2 x CFM56-7B27,450 knots,"2,900 pounds per engine per hour","4,000 pounds","1,500 pounds","Center, Left Main, Right Main",Fill to 95 percent before filling Secondary tanks,NONE,Fill to 0 percent before filling Other tanks,NONE
B747 SP,Boeing 747 SP,"AFV, DVA","6,736 Statute Miles","7,500 feet","7,200 feet",331 seats,74L,,"680,000 pounds","506,000 pounds","660,000 pounds","450,000 pounds",4 x P&W JT9D,535 knots,"5,650 pounds per engine per hour","6,000 pounds","2,000 pounds","Left Aux, Right Main",Fill to 90 percent before filling Secondary tanks,Center,Fill to 0 percent before filling Other tanks,"Left Aux, Right Aux"
B747-100,Boeing 747-100,"AFV, DVA","6,100 Statute Miles","9,990 feet","6,100 feet",366 seats,741,,"738,000 pounds","526,500 pounds","735,000 pounds","564,000 pounds",4 x P&W JT9D,470 knots,"5,650 pounds per engine per hour","6,000 pounds","2,000 pounds","Left Main, Right Main",Fill to 90 percent before filling Secondary tanks,Center,Fill to 0 percent before filling Other tanks,"Left Aux, Right Aux"
B747-200,Boeing 747-200,"AFV, DVA","7,900 Statute Miles","9,990 feet","6,100 feet",366 seats,742,,"836,000 pounds","526,500 pounds","833,000 pounds","630,000 pounds",4 x P&W JT9D,470 knots,"5,650 pounds per engine per hour","6,000 pounds","2,500 pounds","Left Main, Right Main",Fill to 90 percent before filling Secondary tanks,Center,Fill to 0 percent before filling Other tanks,"Left Aux, Right Aux"
B747-300,Boeing 747-300,"AFV, DVA","7,700 Statute Miles","9,990 feet","6,100 feet",412 seats,743,,"836,000 pounds","542,680 pounds","833,000 pounds","574,000 pounds",4 x GE CF6-80E,470 knots,"5,650 pounds per engine per hour","6,000 pounds","2,500 pounds","Left Main, Right Main",Fill to 90 percent before filling Secondary tanks,Center,Fill to 0 percent before filling Other tanks,"Left Aux, Right Aux"
B747-400,Boeing 747-400,"AFV, DVA","8,355 Statute Miles","4,800 feet","5,200 feet",446 seats,"744, 747",,"877,000 pounds","555,000 pounds","875,000 pounds","630,000 pounds",4 x P&W PW4060,470 knots,"5,510 pounds per engine per hour","6,000 pounds","2,500 pounds","Left Main, Right Main",Fill to 95 percent before filling Secondary tanks,Center,Fill to 0 percent before filling Other tanks,"Center 2, Left Aux, Right Aux"
B747-400D,Boeing 747-400 Domestic,DVA,"2,591 Statute Miles","4,800 feet","5,500 feet",660 seats,74J,,"875,000 pounds","555,000 pounds","875,000 pounds","630,000 pounds",4 x GE CF-6-80C2B1F,490 knots,"5,510 pounds per engine per hour","6,000 pounds","2,500 pounds","Left Main, Right Main",Fill to 95 percent before filling Secondary tanks,Center,Fill to 0 percent before filling Other tanks,NONE
B747-400ER,Boeing 747-400ER,DVA,"8,730 Statute Miles","6,800 feet","5,200 feet",420 seats,744,,"915,000 pounds","555,000 pounds","910,000 pounds","650,000 pounds",4 x CF6-80C2B5F,470 knots,"5,510 pounds per engine per hour","6,000 pounds","2,500 pounds","Left Main, Right Main",Fill to 95 percent before filling Secondary tanks,Center,Fill to 0 percent before filling Other tanks,"Center 2, Left Aux, Right Aux"
B747-400ERF,Boeing 747-400 Extended Range Freighter,"AFV, DVA","5,735 Statute Miles","9,990 feet","7,000 feet",10 seats,"47ERF, 747ERF, 74ERF, 74F",,"913,000 pounds","611,000 pounds","910,000 pounds","666,000 pounds",4 x General Electric CF6-80C2B5F,470 knots,"5,510 pounds per engine per hour","6,000 pounds","3,000 pounds","Left Main, Right Main",Fill to 95 percent before filling Secondary tanks,Center,Fill to 0 percent before filling Other tanks,"Center 2, Left Aux"
B747-400F,Boeing 747-400 Freighter,"AFV, DVA","5,125 Statute Miles","9,950 feet","7,000 feet",10 seats,"74F, 74Y",,"877,000 pounds","610,000 pounds","875,000 pounds","630,000 pounds",4 x P&W PW4060,470 knots,"5,510 pounds per engine per hour","6,000 pounds","2,500 pounds","Left Main, Right Main",Fill to 95 percent before filling Secondary tanks,Center,Fill to 0 percent before filling Other tanks,"Left Aux, Right Aux"
B747-400M,Boeing 747-400 Combi,DVA,"8,355 Statute Miles","4,800 feet","5,200 feet",268 seats,"74E, 74M",,"877,000 pounds","555,000 pounds","875,000 pounds","630,000 pounds",4 x GE CF6-80C2B1F,470 knots,"5,510 pounds per engine per hour","6,000 pounds","2,500 pounds","Left Main, Right Main",Fill to 95 percent before filling Secondary tanks,Center,Fill to 0 percent before filling Other tanks,"Center 2, Left Aux, Right Aux"
B747-8,Boeing 747-8,"AFV, DVA","8,895 Statute Miles","6,200 feet","6,300 feet",467 seats,"748, 74H",,"990,000 pounds","651,000 pounds","987,000 pounds","688,000 pounds",4 x GENX-2B67,470 knots,"5,500 pounds per engine per hour","6,000 pounds","2,500 pounds","Left Main, Right Main",Fill to 95 percent before filling Secondary tanks,Center,Fill to 0 percent before filling Other tanks,"Center 2, Left Aux, Right Aux"
B747-8F,Boeing 747-8F,"AFV, DVA","4,908 Statute Miles","9,500 feet","7,000 feet",10 seats,"748F, 74H",,"990,000 pounds","727,000 pounds","987,000 pounds","763,000 pounds",4 x GEnx-2B67,488 knots,"5,500 pounds per engine per hour","6,000 pounds","2,500 pounds","Left Main, Right Main",Fill to 95 percent before filling Secondary tanks,Center,Fill to 0 percent before filling Other tanks,"Center 2, Left Aux, Right Aux"
B757-200,Boeing 757-200,"AFV, DVA","4,500 Statute Miles","5,900 feet","4,850 feet",199 seats,"752, 757, 75W",This Aircraft is ETOPS-rated (ETOPS180),"256,000 pounds","184,000 pounds","255,000 pounds","198,000 pounds",2 x P&W PW2037,470 knots,"3,250 pounds per engine per hour","4,000 pounds","1,750 pounds","Left Main, Right Main",Fill to 95 percent before filling Secondary tanks,Center,Fill to 0 percent before filling Other tanks,NONE
B757-300,Boeing 757-300,"AFV, DVA","4,000 Statute Miles","5,350 feet","4,660 feet",243 seats,753,This Aircraft is ETOPS-rated (ETOPS180),"273,500 pounds","210,000 pounds","272,500 pounds","224,000 pounds",2 x P&W PW2037,460 knots,"3,550 pounds per engine per hour","6,000 pounds","2,000 pounds","Left Main, Right Main",Fill to 95 percent before filling Secondary tanks,Center,Fill to 0 percent before filling Other tanks,NONE
B767-200,B767-200,"AFV, DVA","6,000 Statute Miles","6,430 feet","2,300 feet",211 seats,762,This is a Historic Aircraft This Aircraft is ETOPS-rated (ETOPS138),"396,000 pounds","260,000 pounds","395,000 pounds","300,000 pounds",2 x JT9D,460 knots,"4,800 pounds per engine per hour","5,000 pounds","2,100 pounds","Left Main, Right Main",Fill to 100 percent before filling Secondary tanks,Center,Fill to 100 percent before filling Other tanks,NONE
B767-200ER,B767-200ER,"AFV, DVA","6,000 Statute Miles","6,430 feet","2,300 feet",224 seats,76X,This is a Historic Aircraft This Aircraft is ETOPS-rated (ETOPS180),"396,000 pounds","260,000 pounds","395,000 pounds","300,000 pounds",2 x P&W JT9D,460 knots,"4,800 pounds per engine per hour","5,000 pounds","2,100 pounds","Left Main, Right Main",Fill to 100 percent before filling Secondary tanks,Center,Fill to 100 percent before filling Other tanks,NONE
B767-300,Boeing 767-300,"AFV, DVA","4,603 Statute Miles","6,430 feet","5,300 feet",261 seats,763,This Aircraft is ETOPS-rated (ETOPS120),"413,000 pounds","278,000 pounds","350,000 pounds","320,000 pounds",2 x P&W PW4600,460 knots,"4,800 pounds per engine per hour","5,000 pounds","2,000 pounds","Left Main, Right Main",Fill to 95 percent before filling Secondary tanks,Center,Fill to 0 percent before filling Other tanks,NONE
B767-300ER,B767-300ER,"AFV, DVA","6,906 Statute Miles","6,430 feet","5,300 feet",226 seats,"763, 767, 76W",This Aircraft is ETOPS-rated (ETOPS180),"413,000 pounds","295,000 pounds","412,000 pounds","320,000 pounds",2 x P&W JT9D-7R4,460 knots,"4,800 pounds per engine per hour","5,000 pounds","2,000 pounds","Left Main, Right Main",Fill to 95 percent before filling Secondary tanks,Center,Fill to 0 percent before filling Other tanks,NONE
B767-400ER,Boeing 767-400ER,"AFV, DVA","6,500 Statute Miles","6,430 feet","2,300 feet",246 seats,764,This Aircraft is ETOPS-rated (ETOPS180),"451,000 pounds","330,000 pounds","450,000 pounds","350,000 pounds",2 x P&W PW4600,470 knots,"5,400 pounds per engine per hour","5,000 pounds","2,000 pounds","Left Main, Right Main",Fill to 90 percent before filling Secondary tanks,Center,Fill to 0 percent before filling Other tanks,NONE
B777-200,Boeing 777-200,"AFV, DVA","6,030 Statute Miles","6,999 feet","5,200 feet",331 seats,777,This Aircraft is ETOPS-rated (ETOPS330),"547,000 pounds","420,000 pounds","545,000 pounds","445,000 pounds",2 x RR Trent 892,480 knots,"8,300 pounds per engine per hour","6,000 pounds","2,500 pounds","Left Main, Right Main",Fill to 95 percent before filling Secondary tanks,Center,Fill to 0 percent before filling Other tanks,NONE
B777-200ER,Boeing 777-200ER,"AFV, DVA","8,890 Statute Miles","6,999 feet","5,200 feet",313 seats,"772, 77E",This Aircraft is ETOPS-rated (ETOPS330),"656,000 pounds","442,000 pounds","656,000 pounds","470,000 pounds",2 x RR Trent 892,480 knots,"8,300 pounds per engine per hour","6,000 pounds","2,500 pounds","Left Main, Right Main",Fill to 95 percent before filling Secondary tanks,Center,Fill to 0 percent before filling Other tanks,NONE
B777-200LR,Boeing 777-200LR,"AFV, DVA","11,155 Statute Miles","8,000 feet","5,600 feet",291 seats,"77L, B77L",This is a Historic Aircraft This Aircraft is ETOPS-rated (ETOPS330),"766,132 pounds","547,094 pounds","766,132 pounds","575,099 pounds",2 x GE90-110B1,480 knots,"8,200 pounds per engine per hour","6,000 pounds","2,500 pounds","Left Main, Right Main",Fill to 99 percent before filling Secondary tanks,Center,Fill to 0 percent before filling Other tanks,NONE
B777-300,Boeing 777-300,"AFV, DVA","6,939 Statute Miles","9,990 feet","6,000 feet",401 seats,773,This Aircraft is ETOPS-rated (ETOPS330),"662,000 pounds","495,000 pounds","660,000 pounds","524,000 pounds",2 x GE90-9,480 knots,"9,200 pounds per engine per hour","6,000 pounds","2,500 pounds","Left Main, Right Main",Fill to 95 percent before filling Secondary tanks,Center,Fill to 0 percent before filling Other tanks,NONE
B777-300ER,Boeing 777-300ER,"AFV, DVA","8,481 Statute Miles","9,990 feet","6,000 feet",365 seats,77W,This Aircraft is ETOPS-rated (ETOPS330),"777,000 pounds","529,000 pounds","775,000 pounds","554,000 pounds",2 x GE90-110B1/115B,482 knots,"8,265 pounds per engine per hour","6,000 pounds","2,500 pounds","Left Main, Right Main",Fill to 95 percent before filling Secondary tanks,Center,Fill to 0 percent before filling Other tanks,NONE
B787-10,Boeing 787-10,"AFV, DVA","7,250 Statute Miles","9,100 feet","7,500 feet",336 seats,"781, 78J",This Aircraft is ETOPS-rated (ETOPS330),"585,000 pounds","425,000 pounds","560,000 pounds","445,000 pounds",2 x Rolls-Royce Trent 1000,488 knots,"6,600 pounds per engine per hour","6,000 pounds",600 pounds,"Left Main, Left Aux, Right Main, Right Aux",Fill to 90 percent before filling Secondary tanks,"Center, Center 2, Center 3",Fill to 0 percent before filling Other tanks,NONE
B787-8,Boeing 787-8,"AFV, DVA","8,720 Statute Miles","8,100 feet","6,300 feet",296 seats,"787, 788",This Aircraft is ETOPS-rated (ETOPS330),"505,000 pounds","355,000 pounds","502,500 pounds","380,000 pounds",2 x RR Trent 1000,490 knots,"5,750 pounds per engine per hour","6,000 pounds",600 pounds,"Left Main, Left Aux, Right Main, Right Aux",Fill to 100 percent before filling Secondary tanks,"Center, Center 2, Center 3",Fill to 100 percent before filling Other tanks,NONE
B787-9,Boeing 787-9,"AFV, DVA","9,550 Statute Miles","9,300 feet","7,200 feet",330 seats,789,This Aircraft is ETOPS-rated (ETOPS330),"560,000 pounds","400,000 pounds","560,000 pounds","425,000 pounds",2 x General Electric GEnx-1B,490 knots,"6,300 pounds per engine per hour","6,000 pounds",600 pounds,"Left Main, Left Aux, Right Main, Right Aux",Fill to 100 percent before filling Secondary tanks,"Center, Center 2, Center 3",Fill to 90 percent before filling Other tanks,NONE
BAE-146,BAE-146,"AFV, DVA","1,200 Statute Miles","4,500 feet","3,000 feet",97 seats,"142, 146, AR8",,"101,500 pounds","97,500 pounds","97,500 pounds","84,500 pounds",4 x ALF 502R-5,414 knots,"1,025 pounds per engine per hour","4,100 pounds",700 pounds,"Left Main, Right Main",Fill to 100 percent before filling Secondary tanks,Center,Fill to 0 percent before filling Other tanks,NONE
BE58,Beechcraft G58 Baron,DVA,942 Statute Miles,"2,300 feet","1,300 feet",6 seats,BE58,,"5,524 pounds","4,530 pounds","5,500 pounds","5,400 pounds",2 x Continental IO-550-C,195 knots,153 pounds per engine per hour,120 pounds,5 pounds,"Left Main, Right Main",Fill to 100 percent before filling Secondary tanks,NONE,Fill to 0 percent before filling Other tanks,NONE
C-46,Curtis C-46 Commando,DVA,"2,878 Statute Miles","3,500 feet","3,500 feet",40 seats,C46,,"48,000 pounds","42,500 pounds","45,000 pounds","44,000 pounds",1 x P&W R-2800-51,170 knots,550 pounds per engine per hour,"8,436 pounds",300 pounds,"Left Main, Right Main",Fill to 100 percent before filling Secondary tanks,"Left Aux, Right Aux",Fill to 0 percent before filling Other tanks,NONE
C172,Cessna 172 Skyhawk,"AFV, DVA",736 Statute Miles,"1,525 feet","1,250 feet",4 seats,C172,,"2,558 pounds","2,032 pounds","2,550 pounds","2,550 pounds",1 x Lycoming IO-360-L2A,115 knots,100 pounds per engine per hour,100 pounds,12 pounds,"Left Main, Right Main",Fill to 100 percent before filling Secondary tanks,NONE,Fill to 0 percent before filling Other tanks,NONE
C90,Beechcraft King Air 90,DVA,"1,009 Statute Miles","1,984 feet","2,100 feet",8 seats,"C90, C90G, C90GT",,"10,545 pounds","8,133 pounds","10,485 pounds","9,832 pounds",2 x P&W PT6A-135A,272 knots,385 pounds per engine per hour,200 pounds,20 pounds,"Left Main, Right Main",Fill to 100 percent before filling Secondary tanks,"Left Aux, Right Aux",Fill to 99 percent before filling Other tanks,NONE
Caravelle,Caravelle III,"AFV, DVA","1,500 Statute Miles","6,320 feet","5,170 feet",80 seats,CRV,,"106,922 pounds","80,467 pounds","105,820 pounds","100,750 pounds",2 x Rolls-Royce Avon Mk.527 turbojet,445 knots,"3,000 pounds per engine per hour","2,500 pounds","1,500 pounds","Center, Left Main, Right Main",Fill to 0 percent before filling Secondary tanks,NONE,Fill to 0 percent before filling Other tanks,NONE
Comet,de Havilland Comet,"AFV, DVA","2,800 Statute Miles",,,44 seats,,,"175,000 pounds","90,000 pounds","162,000 pounds","120,000 pounds",4 x Rolls-Royce Avon Mk 524,400 knots,"2,100 pounds per engine per hour","1,400 pounds",400 pounds,"Center, Left Main, Right Main",Fill to 100 percent before filling Secondary tanks,NONE,Fill to 0 percent before filling Other tanks,NONE
Concorde,Concorde,"AFV, DVA","4,488 Statute Miles","9,515 feet","6,500 feet",108 seats,SSC,,"410,676 pounds","203,000 pounds","408,000 pounds","245,000 pounds",4 x RR Olympus,"1,100 knots","11,000 pounds per engine per hour","25,000 pounds","3,000 pounds","Center, Center 2",Fill to 75 percent before filling Secondary tanks,"Left Main, Left Aux, Right Main, Right Aux",Fill to 0 percent before filling Other tanks,NONE
Constellation,Constellation,"AFV, DVA","3,999 Statute Miles","4,600 feet","3,550 feet",86 seats,"749, CONI, L49",,"141,000 pounds","85,000 pounds","137,500 pounds","85,000 pounds",4 x Wright R-3350-DA3 Turbo Compound,240 knots,640 pounds per engine per hour,250 pounds,100 pounds,"Center, Left Main, Right Main",Fill to 90 percent before filling Secondary tanks,"Center 2, Center 3",Fill to 90 percent before filling Other tanks,"External, External 2"
CRJ-1000,Bombardier CRJ-1000,"AFV, DVA","1,800 Statute Miles","5,000 feet","3,500 feet",92 seats,CRK,,"92,300 pounds","77,500 pounds","91,800 pounds","81,500 pounds",2 x GE CF34-8C5A1,447 knots,"2,800 pounds per engine per hour","2,000 pounds","1,000 pounds","Left Main, Right Main",Fill to 100 percent before filling Secondary tanks,Center,Fill to 0 percent before filling Other tanks,NONE
CRJ-200,Bombardier CRJ-200,"AFV, DVA","2,000 Statute Miles","4,800 feet","4,000 feet",50 seats,"CARJ, CR2, CRJ",This is a Historic Aircraft This Aircraft is ETOPS-rated (ETOPS60),"53,250 pounds","44,000 pounds","53,000 pounds","47,000 pounds",2 x GE CF34-3B1,420 knots,"1,625 pounds per engine per hour","2,000 pounds","1,000 pounds","Left Main, Right Main",Fill to 100 percent before filling Secondary tanks,Center,Fill to 0 percent before filling Other tanks,NONE
CRJ-700,Bombardier CRJ-700,"AFV, DVA","1,983 Statute Miles","5,000 feet","3,450 feet",70 seats,"CR7, CRJ7",,"81,000 pounds","62,300 pounds","77,000 pounds","67,600 pounds",2 x GE CF34-8C1,440 knots,"1,800 pounds per engine per hour","2,250 pounds",400 pounds,"Left Main, Right Main",Fill to 100 percent before filling Secondary tanks,Center,Fill to 0 percent before filling Other tanks,NONE
CRJ-900,Bombardier CRJ-900,"AFV, DVA","2,104 Statute Miles","5,000 feet","3,500 feet",82 seats,"CR9, CRJ9",,"81,500 pounds","70,000 pounds","80,500 pounds","73,500 pounds",2 x GE CF34-8C1,420 knots,"2,800 pounds per engine per hour","2,000 pounds","1,000 pounds","Center, Left Main, Right Main",Fill to 100 percent before filling Secondary tanks,Center,Fill to 0 percent before filling Other tanks,NONE
CV-240,Convair 240,DVA,"1,400 Statute Miles","3,500 feet","3,500 feet",40 seats,CVR,,"42,500 pounds","38,150 pounds","42,500 pounds","39,800 pounds",2 x R-2800-CB16,248 knots,600 pounds per engine per hour,"1,545 pounds",100 pounds,"Left Main, Right Main",Fill to 100 percent before filling Secondary tanks,NONE,Fill to 0 percent before filling Other tanks,NONE
CV-340,Convair 340,"AFV, DVA","1,200 Statute Miles","2,760 feet","3,970 feet",44 seats,,,"42,500 pounds","35,275 pounds","42,500 pounds","42,500 pounds",2 x PW R-2800,244 knots,400 pounds per engine per hour,"1,000 pounds",300 pounds,"Left Main, Right Main",Fill to 100 percent before filling Secondary tanks,NONE,Fill to 0 percent before filling Other tanks,NONE
CV-440,Convair 440,"AFV, DVA","1,200 Statute Miles","5,000 feet","1,500 feet",44 seats,,,"47,050 pounds","29,500 pounds","47,000 pounds","42,500 pounds",2 x PW R-2800,244 knots,400 pounds per engine per hour,"1,000 pounds",300 pounds,"Left Main, Right Main",Fill to 100 percent before filling Secondary tanks,NONE,Fill to 0 percent before filling Other tanks,NONE
CV-580,Convair 580,DVA,"4,000 Statute Miles","4,000 feet","4,000 feet",52 seats,"CV5, CVR",,"55,000 pounds","49,000 pounds","54,600 pounds","52,000 pounds",2 x Allison 501-D13,295 knots,"1,000 pounds per engine per hour","1,730 pounds",100 pounds,"Left Main, Right Main",Fill to 100 percent before filling Secondary tanks,NONE,Fill to 0 percent before filling Other tanks,NONE
CV-880,Convair CV-880,"AFV, DVA","2,500 Statute Miles","7,500 feet","4,000 feet",110 seats,880,,"185,500 pounds","175,000 pounds","184,500 pounds","180,000 pounds",4 x GE CJ805-3,480 knots,"2,700 pounds per engine per hour","7,000 pounds","1,500 pounds","Left Main, Right Main",Fill to 90 percent before filling Secondary tanks,"Left Aux, Right Aux",Fill to 0 percent before filling Other tanks,NONE
CV-990,Convair CV-990,"AFV, DVA","4,000 Statute Miles","8,000 feet","4,000 feet",110 seats,990,,"254,000 pounds","175,000 pounds","253,000 pounds","200,000 pounds",4 x GE CJ805-23,500 knots,"2,950 pounds per engine per hour","8,000 pounds","2,250 pounds","Left Main, Right Main",Fill to 90 percent before filling Secondary tanks,"Left Aux, Right Aux",Fill to 0 percent before filling Other tanks,NONE
DC-10-10,McDonnell-Douglas DC-10 Series 10,"AFV, DVA","4,500 Statute Miles","8,500 feet","5,500 feet",250 seats,,,"435,000 pounds","335,000 pounds","430,000 pounds","400,000 pounds",3 x GE CF6-6,460 knots,"4,520 pounds per engine per hour","6,000 pounds","2,000 pounds","Center, Left Main, Right Main",Fill to 100 percent before filling Secondary tanks,NONE,Fill to 0 percent before filling Other tanks,NONE
DC-10-30,McDonnell-Douglas DC-10 Series 30,"AFV, DVA","6,500 Statute Miles","9,000 feet","5,500 feet",250 seats,D10,,"583,000 pounds","335,000 pounds","580,000 pounds","410,000 pounds",3 x GE CF6-50,460 knots,"4,625 pounds per engine per hour","6,000 pounds","2,000 pounds","Center, Left Main, Right Main",Fill to 100 percent before filling Secondary tanks,NONE,Fill to 0 percent before filling Other tanks,NONE
DC-10-40,McDonnell-Douglas DC-10 Series 40,"AFV, DVA","6,500 Statute Miles","9,000 feet","5,500 feet",250 seats,,,"532,000 pounds","368,000 pounds","530,000 pounds","403,000 pounds",3 x P&W JT9D,460 knots,"5,700 pounds per engine per hour","6,000 pounds","2,000 pounds","Center, Left Main, Right Main",Fill to 100 percent before filling Secondary tanks,NONE,Fill to 0 percent before filling Other tanks,NONE
DC-2,Douglas DC-2,"AFV, DVA","1,085 Statute Miles",800 feet,"1,200 feet",14 seats,DC2,This is a Historic Aircraft This Aircraft is ETOPS-rated (ETOPS60),"18,600 pounds","16,000 pounds","18,561 pounds","18,000 pounds",2 x Wright SGR-1820-F52 Cyclone,151 knots,325 pounds per engine per hour,500 pounds,49 pounds,"Left Main, Left Aux, Right Main, Right Aux",Fill to 0 percent before filling Secondary tanks,"Center, Center 2",Fill to 0 percent before filling Other tanks,NONE
DC-3,Douglas DC-3,"AFV, DVA","1,600 Statute Miles","1,500 feet","2,080 feet",26 seats,DC3,,"26,900 pounds","22,375 pounds","26,900 pounds","26,200 pounds",2 x 895-kW Pratt and Whitney R-1830,178 knots,325 pounds per engine per hour,500 pounds,49 pounds,"Left Main, Left Aux, Right Main, Right Aux",Fill to 0 percent before filling Secondary tanks,"Center, Center 2",Fill to 0 percent before filling Other tanks,NONE
DC-4,Douglas DC-4,"AFV, DVA","4,250 Statute Miles","2,000 feet","2,000 feet",74 seats,DC4,,"73,000 pounds",1 pounds,"73,000 pounds","63,500 pounds",4 x P&W Twin Wasp R-2000,180 knots,680 pounds per engine per hour,800 pounds,200 pounds,"Left Main, Right Main",Fill to 100 percent before filling Secondary tanks,NONE,Fill to 0 percent before filling Other tanks,NONE
DC-6,Douglas DC-6,"AFV, DVA","3,900 Statute Miles","5,000 feet","3,900 feet",76 seats,D6F,,"107,000 pounds","67,970 pounds","97,200 pounds","91,185 pounds",4 x R-2800-CA-15,501 knots,653 pounds per engine per hour,"2,000 pounds",100 pounds,"Left Main, Right Main",Fill to 100 percent before filling Secondary tanks,"Left Aux, Right Aux",Fill to 0 percent before filling Other tanks,NONE
DC-6B,Douglas DC-6B,"AFV, DVA","4,100 Statute Miles","5,900 feet","3,900 feet",89 seats,D6F,,"107,000 pounds","83,200 pounds","107,000 pounds","91,189 pounds",4 x R-2800-CB-17,501 knots,632 pounds per engine per hour,"2,000 pounds",100 pounds,"Left Main, Right Main",Fill to 100 percent before filling Secondary tanks,"Left Aux, Right Aux",Fill to 0 percent before filling Other tanks,NONE
DC-7,Douglas DC-7,"AFV, DVA","4,605 Statute Miles","6,360 feet","6,100 feet",102 seats,DC7,,"143,500 pounds","109,000 pounds","143,000 pounds","109,000 pounds",4 x Wright R3350,270 knots,693 pounds per engine per hour,"1,000 pounds",300 pounds,"Center, Left Main, Right Main",Fill to 100 percent before filling Secondary tanks,NONE,Fill to 0 percent before filling Other tanks,NONE
DC-7C,DC-7C Seven Seas,"AFV, DVA","5,934 Statute Miles","6,360 feet","5,100 feet",105 seats,DC7C,,"143,000 pounds","101,500 pounds","136,700 pounds","111,000 pounds",4 x Wright R-3350-988T,272 knots,800 pounds per engine per hour,"1,600 pounds",600 pounds,"Left Aux, Right Aux, External, External 2",Fill to 90 percent before filling Secondary tanks,NONE,Fill to 90 percent before filling Other tanks,NONE
DC-8-11,Douglas DC-8 Series 11,"AFV, DVA","2,740 Statute Miles","8,800 feet","5,500 feet",119 seats,D81,,"261,500 pounds","165,900 pounds","260,500 pounds","190,500 pounds",4 x P&W JT3C,450 knots,"3,850 pounds per engine per hour","5,000 pounds","2,500 pounds","Left Main, Right Main",Fill to 90 percent before filling Secondary tanks,"Left Aux, Right Aux",Fill to 0 percent before filling Other tanks,NONE
DC-8-21,DC-8 Series 21,"AFV, DVA","4,660 Statute Miles","8,800 feet","5,500 feet",132 seats,D82,,"277,000 pounds","167,500 pounds","276,000 pounds","193,000 pounds",4 x P&W JT4A,480 knots,"3,750 pounds per engine per hour","5,000 pounds","2,500 pounds","Left Main, Right Main",Fill to 90 percent before filling Secondary tanks,"Left Aux, Right Aux",Fill to 0 percent before filling Other tanks,NONE
DC-8-33,Douglas DC-8 Series 33,"AFV, DVA","6,250 Statute Miles","9,000 feet","6,000 feet",132 seats,D83,,"316,000 pounds","215,000 pounds","315,000 pounds","207,000 pounds",4 x P&W JT4A,450 knots,"3,350 pounds per engine per hour","5,000 pounds","2,000 pounds","Left Main, Right Main",Fill to 90 percent before filling Secondary tanks,"Left Aux, Right Aux",Fill to 0 percent before filling Other tanks,NONE
DC-8-42,Douglas DC-8 Series 42,"AFV, DVA","3,250 Statute Miles","9,200 feet","6,700 feet",132 seats,D84,,"311,000 pounds","215,000 pounds","310,000 pounds","199,500 pounds",4 x RR Conway 509,450 knots,"3,200 pounds per engine per hour","6,000 pounds","2,000 pounds","Left Main, Right Main",Fill to 90 percent before filling Secondary tanks,"Left Aux, Right Aux",Fill to 0 percent before filling Other tanks,NONE
DC-8-51,Douglas DC-8 Series 51,"AFV, DVA","3,750 Statute Miles","8,800 feet","5,500 feet",132 seats,D85,,"277,000 pounds","215,000 pounds","276,000 pounds","199,500 pounds",4 x P&W JT3D-3,480 knots,"3,150 pounds per engine per hour","6,000 pounds","2,000 pounds","Left Main, Right Main",Fill to 90 percent before filling Secondary tanks,"Left Aux, Right Aux",Fill to 0 percent before filling Other tanks,NONE
DC-8-61,Douglas DC-8 Series 61,"AFV, DVA","3,747 Statute Miles","5,000 feet","4,000 feet",210 seats,"D86, D8F",,"326,000 pounds","224,000 pounds","325,000 pounds","240,000 pounds",4 x P&W JT3D-3B,480 knots,"3,250 pounds per engine per hour","6,000 pounds","1,500 pounds","Left Main, Right Main",Fill to 90 percent before filling Secondary tanks,"Left Aux, Right Aux",Fill to 0 percent before filling Other tanks,NONE
DC-8-62,Douglas DC-8 Series 62,"AFV, DVA","5,990 Statute Miles","8,800 feet","5,500 feet",169 seats,,,"336,000 pounds","215,000 pounds","335,000 pounds","240,000 pounds",4 x P&W JT3D-3B,460 knots,"2,800 pounds per engine per hour","6,000 pounds","1,750 pounds","Left Main, Right Main",Fill to 100 percent before filling Secondary tanks,"Left Aux, Right Aux",Fill to 0 percent before filling Other tanks,NONE
DC-8-63,Douglas DC-8 Series 63,"AFV, DVA","4,725 Statute Miles","8,800 feet","5,500 feet",210 seats,,,"354,000 pounds","215,000 pounds","350,000 pounds","245,000 pounds",4 x P&W JT3D-7,465 knots,"2,850 pounds per engine per hour","6,000 pounds","2,000 pounds","Left Main, Right Main",Fill to 100 percent before filling Secondary tanks,"Left Aux, Right Aux",Fill to 0 percent before filling Other tanks,NONE
DC-8-71,Douglas DC-8 Series 71,"AFV, DVA","4,028 Statute Miles","8,800 feet","5,500 feet",210 seats,D87,,"328,000 pounds","225,000 pounds","325,000 pounds","240,000 pounds",4 x CFM56-2C1,480 knots,"2,700 pounds per engine per hour","7,500 pounds","2,500 pounds","Left Main, Right Main",Fill to 90 percent before filling Secondary tanks,"Left Aux, Right Aux",Fill to 0 percent before filling Other tanks,NONE
DC-8-72,Douglas DC-8 Series 72,"AFV, DVA","6,095 Statute Miles","8,800 feet","5,500 feet",169 seats,,,"336,000 pounds","195,000 pounds","335,000 pounds","240,000 pounds",4 x CFM56-2,450 knots,"2,700 pounds per engine per hour","7,500 pounds","2,500 pounds","Left Main, Right Main",Fill to 90 percent before filling Secondary tanks,"Left Aux, Right Aux",Fill to 0 percent before filling Other tanks,NONE
DC-9-14,Douglas DC-9 Series 14,"AFV, DVA","1,831 Statute Miles","5,000 feet","4,400 feet",82 seats,D91,,"91,500 pounds","74,000 pounds","90,700 pounds","81,700 pounds",2 x P&W JT8D-9,450 knots,"3,000 pounds per engine per hour","4,500 pounds",500 pounds,"Left Main, Right Main",Fill to 95 percent before filling Secondary tanks,Center,Fill to 0 percent before filling Other tanks,NONE
DC-9-21,Douglas DC-9 Series 21,DVA,"2,012 Statute Miles","4,000 feet","3,800 feet",82 seats,D92,,"98,000 pounds","78,000 pounds","98,000 pounds","96,000 pounds",2 x P&W JT8D-11,430 knots,"3,150 pounds per engine per hour","4,500 pounds",500 pounds,"Left Main, Right Main",Fill to 95 percent before filling Secondary tanks,Center,Fill to 0 percent before filling Other tanks,NONE
DC-9-32,Douglas DC-9 Series 32,"AFV, DVA","2,000 Statute Miles","4,500 feet","4,200 feet",105 seats,D93,,"111,000 pounds","87,000 pounds","110,000 pounds","98,100 pounds",2 x P&W JT8D-9,450 knots,"3,200 pounds per engine per hour","4,500 pounds",500 pounds,"Left Main, Right Main",Fill to 95 percent before filling Secondary tanks,Center,Fill to 0 percent before filling Other tanks,NONE
DC-9-40,Douglas DC-9 Series 40,"AFV, DVA","1,789 Statute Miles","4,500 feet","4,500 feet",115 seats,D94,,"114,000 pounds","93,000 pounds","112,500 pounds","107,000 pounds",2 x P&W JT8D-11,450 knots,"3,100 pounds per engine per hour","4,500 pounds",500 pounds,"Left Main, Right Main",Fill to 95 percent before filling Secondary tanks,"Center, Center 2",Fill to 0 percent before filling Other tanks,NONE
DC-9-50,Douglas DC-9 Series 50,"AFV, DVA","2,065 Statute Miles","4,500 feet","3,900 feet",135 seats,"D95, D9S",,"121,000 pounds","98,000 pounds","121,000 pounds","110,000 pounds",2 x P&W JT8D-15,440 knots,"3,150 pounds per engine per hour","4,500 pounds",500 pounds,"Left Main, Right Main",Fill to 95 percent before filling Secondary tanks,"Center, Center 2",Fill to 0 percent before filling Other tanks,NONE
DHC-6,de Havilland Canada DHC-6 Twin Otter,"AFV, DVA",891 Statute Miles,860 feet,950 feet,19 seats,"DHC, DHC6, DHT",This is a Historic Aircraft This Aircraft is ETOPS-rated (ETOPS60),"12,500 pounds","7,415 pounds","12,500 pounds","12,300 pounds",2 x PT6A-34,180 knots,468 pounds per engine per hour,100 pounds,50 pounds,"Left Main, Right Main",Fill to 90 percent before filling Secondary tanks,"Left Aux, Right Aux",Fill to 0 percent before filling Other tanks,NONE
DHC-7,de Havilland Canada DHC-7 Quad Otter,"AFV, DVA",782 Statute Miles,"2,260 feet","1,950 feet",50 seats,"DH7, DHC7",,"44,000 pounds","39,000 pounds","44,000 pounds","42,000 pounds",4 x PT6A-50,215 knots,435 pounds per engine per hour,100 pounds,50 pounds,"Left Main, Right Main",Fill to 90 percent before filling Secondary tanks,"Left Aux, Right Aux",Fill to 90 percent before filling Other tanks,NONE
DHC-8-100,de Havilland Canada DHC-8 / Bombardier Dash-8,"AFV, DVA","1,174 Statute Miles","3,280 feet","2,560 feet",37 seats,"DH1, DH2, DH3",This Aircraft is ETOPS-rated (ETOPS60),"38,000 pounds","32,400 pounds","34,500 pounds","34,500 pounds",2 x PW120A,300 knots,950 pounds per engine per hour,"2,000 pounds",250 pounds,"Left Main, Right Main",Fill to 99 percent before filling Secondary tanks,NONE,Fill to 0 percent before filling Other tanks,NONE
DHC-8-Q400,de Havilland Canada DHC-8 / Bombardier Dash-8,"AFV, DVA","1,282 Statute Miles","4,265 feet","4,160 feet",78 seats,"DH4, DH8",This Aircraft is ETOPS-rated (ETOPS60),"65,400 pounds","57,000 pounds","65,200 pounds","62,000 pounds",2 x PW150A,360 knots,900 pounds per engine per hour,"2,000 pounds",250 pounds,"Left Main, Right Main",Fill to 99 percent before filling Secondary tanks,NONE,Fill to 0 percent before filling Other tanks,NONE
DO-228,Dornier DO-228,"AFV, DVA",715 Statute Miles,800 feet,450 feet,19 seats,D28,,"15,550 pounds","12,214 pounds","14,550 pounds","12,550 pounds",2 x Garrett TPE331-5,300 knots,500 pounds per engine per hour,"1,500 pounds",200 pounds,"Left Main, Right Main",Fill to 90 percent before filling Secondary tanks,Center,Fill to 0 percent before filling Other tanks,NONE
DO-328JET,DO-328,"AFV, DVA","1,200 Statute Miles","3,570 feet","2,115 feet",32 seats,D38,,"34,750 pounds","27,800 pounds","34,524 pounds","31,000 pounds",2 x Pratt & Whitney Canada / PW 306B,400 knots,500 pounds per engine per hour,"1,500 pounds",200 pounds,Center,Fill to 0 percent before filling Secondary tanks,NONE,Fill to 0 percent before filling Other tanks,NONE
EMB-110,Embraer EMB-110 Bandit,DVA,"1,060 Statute Miles","1,230 feet","1,410 feet",18 seats,EM1,,"12,500 pounds","12,015 pounds","12,500 pounds","12,015 pounds",2 x P&W Canada PT6A-34,185 knots,250 pounds per engine per hour,324 pounds,10 pounds,"Left Main, Right Main",Fill to 100 percent before filling Secondary tanks,NONE,Fill to 0 percent before filling Other tanks,NONE
EMB-120,Embraer EMB-120 Brasilia,"AFV, DVA","1,570 Statute Miles","4,995 feet","4,528 feet",30 seats,EM2,This is a Historic Aircraft This Aircraft is ETOPS-rated (ETOPS60) This Aircraft is authroized for soft runway operation,"25,500 pounds","24,030 pounds","25,353 pounds","24,802 pounds",2 x P&W Canada PW118,260 knots,400 pounds per engine per hour,200 pounds,100 pounds,"Left Main, Right Main",Fill to 100 percent before filling Secondary tanks,NONE,Fill to 0 percent before filling Other tanks,NONE
ERJ-135,Embraer ERJ-135,"AFV, DVA","1,500 Statute Miles","5,381 feet","4,462 feet",37 seats,"EMB, ER3",,"44,092 pounds","34,392 pounds","43,900 pounds","41,000 pounds",2 x RR Allison AE3007,445 knots,"1,400 pounds per engine per hour","2,000 pounds","1,000 pounds","Left Main, Right Main",Fill to 100 percent before filling Secondary tanks,NONE,Fill to 0 percent before filling Other tanks,NONE
ERJ-145,Embraer ERJ-145,"AFV, DVA","2,300 Statute Miles","5,645 feet","4,593 feet",50 seats,"EMB, ER4, ERD, ERJ",,"53,951 pounds","39,462 pounds","53,131 pounds","44,092 pounds",2 x RR Allison AE3007,420 knots,"1,500 pounds per engine per hour","1,000 pounds",500 pounds,"Left Main, Right Main",Fill to 100 percent before filling Secondary tanks,NONE,Fill to 0 percent before filling Other tanks,NONE
ERJ-170,Embraer ERJ-170,"AFV, DVA","2,472 Statute Miles","4,799 feet","3,999 feet",70 seats,"E70, EMB, EMJ",This Aircraft is ETOPS-rated (ETOPS60),"85,451 pounds","68,123 pounds","85,098 pounds","73,414 pounds",2 x GE CF34-8E,460 knots,"2,050 pounds per engine per hour","3,000 pounds","1,500 pounds","Left Main, Right Main",Fill to 95 percent before filling Secondary tanks,Center,Fill to 0 percent before filling Other tanks,NONE
ERJ-175,Embraer ERJ-175,"AFV, DVA","2,530 Statute Miles","4,154 feet","4,137 feet",78 seats,"E75, E7W",This Aircraft is ETOPS-rated (ETOPS60),"89,393 pounds","70,548 pounds","89,000 pounds","75,178 pounds",2 x GE CF34-8E,460 knots,"2,050 pounds per engine per hour","3,000 pounds","1,500 pounds","Left Main, Right Main",Fill to 100 percent before filling Secondary tanks,Center,Fill to 0 percent before filling Other tanks,NONE
ERJ-190,Embraer ERJ-190,"AFV, DVA","2,817 Statute Miles","6,890 feet","4,081 feet",94 seats,"E90, E95, EMB",This Aircraft is ETOPS-rated (ETOPS60),"114,552 pounds","90,169 pounds","114,200 pounds","97,003 pounds",2 x GE CF34-10E,450 knots,"2,100 pounds per engine per hour","3,000 pounds","1,500 pounds","Left Main, Right Main",Fill to 95 percent before filling Secondary tanks,Center,Fill to 0 percent before filling Other tanks,NONE
ERJ-195,Embraer ERJ-195,"AFV, DVA","2,650 Statute Miles","4,698 feet","4,183 feet",106 seats,"295, E195, E95, EMB",This Aircraft is ETOPS-rated (ETOPS60),"115,631 pounds","93,917 pounds","115,300 pounds","100,972 pounds",2 x GE CF34-10E,450 knots,"2,100 pounds per engine per hour","3,000 pounds","1,500 pounds","Left Main, Right Main",Fill to 95 percent before filling Secondary tanks,Center,Fill to 0 percent before filling Other tanks,NONE
F100,Fokker F100,"AFV, DVA","1,970 Statute Miles","5,970 feet","4,429 feet",107 seats,100,,"101,000 pounds","90,997 pounds","100,990 pounds","87,986 pounds",2 x RR Tay Mk650-15,440 knots,"2,565 pounds per engine per hour",500 pounds,400 pounds,"Left Main, Right Main",Fill to 95 percent before filling Secondary tanks,Center,Fill to 0 percent before filling Other tanks,NONE
F27,Fokker F27,"AFV, DVA","1,005 Statute Miles","3,000 feet","3,000 feet",43 seats,F27,This is a Historic Aircraft This Aircraft is ETOPS-rated (ETOPS60),"44,996 pounds","43,696 pounds","44,996 pounds","44,900 pounds",2 x Rolls Royce DART RDH7,250 knots,500 pounds per engine per hour,200 pounds,25 pounds,"Left Main, Right Main",Fill to 100 percent before filling Secondary tanks,NONE,Fill to 0 percent before filling Other tanks,NONE
F28-1000,Fokker F28-1000,DVA,"1,577 Statute Miles","5,500 feet","3,540 feet",65 seats,"F228, F28",This is a Historic Aircraft This Aircraft is ETOPS-rated (ETOPS60),"66,000 pounds","54,500 pounds","65,000 pounds","59,000 pounds",2 x Rolls-Royce Mk 555-15,454 knots,"1,000 pounds per engine per hour",500 pounds,250 pounds,"Center, Left Main, Right Main",Fill to 100 percent before filling Secondary tanks,NONE,Fill to 0 percent before filling Other tanks,NONE
F28-2000,Fokker F28,DVA,"1,208 Statute Miles","5,500 feet","3,540 feet",79 seats,"F228, F28",This is a Historic Aircraft This Aircraft is ETOPS-rated (ETOPS60),"66,000 pounds","54,500 pounds","65,000 pounds","59,000 pounds",2 x Rolls-Royce Spey Mk 555-15,454 knots,"1,000 pounds per engine per hour",500 pounds,250 pounds,"Center, Left Main, Right Main",Fill to 100 percent before filling Secondary tanks,NONE,Fill to 0 percent before filling Other tanks,NONE
F28-3000,Fokker F28,DVA,"1,784 Statute Miles","5,500 feet","3,173 feet",65 seats,"F228, F28",This is a Historic Aircraft This Aircraft is ETOPS-rated (ETOPS60),"73,000 pounds","56,142 pounds","73,000 pounds","64,000 pounds",2 x Rolls-Royce Mk 555-15H,454 knots,"1,000 pounds per engine per hour",500 pounds,250 pounds,"Center, Left Main, Right Main",Fill to 100 percent before filling Secondary tanks,NONE,Fill to 0 percent before filling Other tanks,NONE
F28-4000,Fokker F28-4000,DVA,"1,426 Statute Miles","5,500 feet","3,495 feet",85 seats,"F228, F28",This is a Historic Aircraft This Aircraft is ETOPS-rated (ETOPS60),"73,000 pounds","62,000 pounds","73,000 pounds","69,500 pounds",2 x Rolls-Royce Mk 555-15H,454 knots,"1,000 pounds per engine per hour",500 pounds,250 pounds,"Center, Left Main, Right Main",Fill to 100 percent before filling Secondary tanks,NONE,Fill to 0 percent before filling Other tanks,NONE
F50,Fokker F-50,"AFV, DVA","1,367 Statute Miles","3,400 feet","3,600 feet",56 seats,F50,,"46,000 pounds","41,665 pounds","45,856 pounds","44,160 pounds",2 x PW127B,272 knots,"1,000 pounds per engine per hour","1,000 pounds",500 pounds,"Left Main, Right Main",Fill to 90 percent before filling Secondary tanks,Center,Fill to 0 percent before filling Other tanks,NONE
F70,Fokker F70,"AFV, DVA","2,157 Statute Miles","4,266 feet","3,970 feet",70 seats,F70,This Aircraft is ETOPS-rated (ETOPS60),"85,000 pounds","74,000 pounds","84,000 pounds","79,000 pounds",2 x RR Tay Mk650-15,440 knots,"2,500 pounds per engine per hour","3,000 pounds","1,000 pounds","Left Main, Right Main",Fill to 95 percent before filling Secondary tanks,Center,Fill to 0 percent before filling Other tanks,NONE
JS32,BAe Jetstream 32,DVA,977 Statute Miles,"2,000 feet","1,700 feet",19 seats,"JS31, JS32",,"16,314 pounds","14,330 pounds","16,204 pounds","15,609 pounds",2 x AlliedSignal TPE-331-12,220 knots,400 pounds per engine per hour,"1,000 pounds",100 pounds,"Left Main, Right Main",Fill to 100 percent before filling Secondary tanks,NONE,Fill to 0 percent before filling Other tanks,NONE
JS41,BAe Jetstream 41,"AFV, DVA","1,000 Statute Miles","4,700 feet","3,200 feet",29 seats,"JS41, JS42",,"24,110 pounds","21,400 pounds","24,000 pounds","23,300 pounds",2 x AlliedSignal TPE331-14GR/HR turb,290 knots,500 pounds per engine per hour,"1,200 pounds",110 pounds,"Left Main, Right Main",Fill to 100 percent before filling Secondary tanks,NONE,Fill to 0 percent before filling Other tanks,NONE
L-10,Lockheed L-10A,"AFV, DVA",800 Statute Miles,"2,500 feet","2,500 feet",10 seats,L10A,,"10,800 pounds","8,900 pounds","10,800 pounds","10,000 pounds",2 x 2X P&W R-985 Wasp SB's,190 knots,300 pounds per engine per hour,240 pounds,10 pounds,"Left Main, Right Main",Fill to 99 percent before filling Secondary tanks,NONE,Fill to 0 percent before filling Other tanks,NONE
L-100,Lockheed L-100,"AFV, DVA","5,000 Statute Miles",,,0 seats,,,"174,000 pounds",,"174,000 pounds","170,000 pounds",4 x Allison T-56-A-7A,300 knots,"1,120 pounds per engine per hour","2,000 pounds",600 pounds,"Left Main, Right Main",Fill to 100 percent before filling Secondary tanks,NONE,Fill to 0 percent before filling Other tanks,NONE
L-1011-100,Lockheed L-1011-100,"AFV, DVA","4,574 Statute Miles","7,800 feet","5,900 feet",253 seats,L10,,"437,090 pounds","283,125 pounds","430,000 pounds","369,000 pounds",3 x RR RB211-524,460 knots,"6,325 pounds per engine per hour","5,000 pounds","2,200 pounds","Center, Left Main, Left Aux, Right Main, Right Aux",Fill to 100 percent before filling Secondary tanks,NONE,Fill to 0 percent before filling Other tanks,NONE
L-1011-500,Lockheed L-1011-500,"AFV, DVA","7,077 Statute Miles","8,500 feet","6,900 feet",234 seats,L15,,"553,866 pounds","340,255 pounds","510,000 pounds","368,000 pounds",3 x RR RB211-524,460 knots,"6,325 pounds per engine per hour","5,000 pounds","2,200 pounds","Center, Left Main, Left Aux, Right Main, Right Aux",Fill to 100 percent before filling Secondary tanks,NONE,Fill to 0 percent before filling Other tanks,NONE
L-18,Lockheed L-18 Lodestar,DVA,"1,231 Statute Miles","3,000 feet","3,000 feet",18 seats,L18,,"17,500 pounds","15,700 pounds","17,500 pounds","17,500 pounds",2 x 2X Wright R-1830,195 knots,300 pounds per engine per hour,450 pounds,100 pounds,"Left Main, Right Main",Fill to 99 percent before filling Secondary tanks,"Left Aux, Right Aux",Fill to 0 percent before filling Other tanks,NONE
L-188 Electra,Lockheed L-188 Electra,"AFV, DVA","2,200 Statute Miles","5,700 feet","3,700 feet",98 seats,LOE,,"119,000 pounds","92,340 pounds","113,000 pounds","98,100 pounds",4 x Allison 501 D-13 Turboprop,324 knots,697 pounds per engine per hour,"1,000 pounds",300 pounds,"Center, Left Main, Right Main",Fill to 100 percent before filling Secondary tanks,NONE,Fill to 0 percent before filling Other tanks,NONE
Martin 4-0-4,Martin 4-0-4,DVA,"1,080 Statute Miles","1,980 feet","1,750 feet",40 seats,M4,,"44,900 pounds","6,500 pounds","44,900 pounds","43,000 pounds",2 x Pratt & Whitney R-2800-CB16,250 knots,"1,000 pounds per engine per hour","1,000 pounds",100 pounds,"Left Main, Right Main",Fill to 100 percent before filling Secondary tanks,NONE,Fill to 100 percent before filling Other tanks,NONE
MD-11,McDonnell-Douglas MD-11,"AFV, DVA","7,710 Statute Miles","7,500 feet","6,000 feet",293 seats,M11,,"633,500 pounds","461,300 pounds","630,500 pounds","491,500 pounds",3 x GE CF6-80E,475 knots,"5,575 pounds per engine per hour","6,000 pounds","2,500 pounds","Left Main, Left Aux, Right Main, Right Aux",Fill to 90 percent before filling Secondary tanks,Center,Fill to 0 percent before filling Other tanks,Center 2
MD-81,McDonnell-Douglas MD-81,DVA,"1,800 Statute Miles","6,200 feet","4,400 feet",150 seats,M81,This is a Historic Aircraft This Aircraft is ETOPS-rated (ETOPS60),"141,000 pounds","118,000 pounds","140,000 pounds","128,000 pounds",2 x P&W JT8D-209,440 knots,"2,400 pounds per engine per hour","4,000 pounds","1,500 pounds","Center, Left Main, Right Main",Fill to 100 percent before filling Secondary tanks,NONE,Fill to 0 percent before filling Other tanks,NONE
MD-82,McDonnell-Douglas MD-82,DVA,"2,100 Statute Miles","5,800 feet","4,400 feet",150 seats,M82,This is a Historic Aircraft This Aircraft is ETOPS-rated (ETOPS60),"150,500 pounds","122,000 pounds","149,500 pounds","130,000 pounds",2 x P&W JT8D-217,440 knots,"2,400 pounds per engine per hour","4,000 pounds","1,500 pounds","Center, Left Main, Right Main",Fill to 100 percent before filling Secondary tanks,NONE,Fill to 0 percent before filling Other tanks,NONE
MD-83,McDonnell-Douglas MD-83,DVA,"2,515 Statute Miles","6,000 feet","4,400 feet",150 seats,M83,This is a Historic Aircraft This Aircraft is ETOPS-rated (ETOPS60),"161,000 pounds","122,000 pounds","160,000 pounds","139,500 pounds",2 x P&W JT8D-219,440 knots,"2,400 pounds per engine per hour","4,000 pounds","1,500 pounds","Center, Left Main, Right Main",Fill to 100 percent before filling Secondary tanks,NONE,Fill to 0 percent before filling Other tanks,NONE
MD-87,McDonnell-Douglas MD-87,DVA,"2,800 Statute Miles","6,000 feet","4,300 feet",139 seats,M87,This is a Historic Aircraft This Aircraft is ETOPS-rated (ETOPS60),"150,500 pounds","112,000 pounds","149,500 pounds","130,000 pounds",2 x P&W JT8D-217C,440 knots,"2,400 pounds per engine per hour","4,000 pounds","1,500 pounds","Center, Left Main, Right Main",Fill to 100 percent before filling Secondary tanks,"Left Aux, Right Aux",Fill to 0 percent before filling Other tanks,NONE
MD-88,McDonnell-Douglas MD-88,"AFV, DVA","2,400 Statute Miles","4,200 feet","3,500 feet",149 seats,"M80, M82, M83, M87, M88",This is a Historic Aircraft This Aircraft is ETOPS-rated (ETOPS60),"161,000 pounds","122,000 pounds","149,500 pounds","139,500 pounds",2 x P&W JT8D-217,440 knots,"3,100 pounds per engine per hour","3,500 pounds","1,500 pounds","Center, Left Main, Right Main",Fill to 100 percent before filling Secondary tanks,NONE,Fill to 0 percent before filling Other tanks,NONE
MD-90,McDonnell-Douglas MD-90,"AFV, DVA","2,400 Statute Miles","4,000 feet","3,600 feet",160 seats,M90,This is a Historic Aircraft This Aircraft is ETOPS-rated (ETOPS60),"157,000 pounds","132,000 pounds","157,000 pounds","142,000 pounds",2 x IAE V2525-D5,440 knots,"2,400 pounds per engine per hour","4,000 pounds","1,500 pounds","Center, Left Main, Right Main",Fill to 100 percent before filling Secondary tanks,NONE,Fill to 0 percent before filling Other tanks,NONE
PA-31,Piper PA-31 310,"AFV, DVA","1,162 Statute Miles","2,290 feet","1,818 feet",6 seats,"PA-31, PA31",This is a Historic Aircraft This Aircraft is ETOPS-rated (ETOPS60),"7,045 pounds","6,000 pounds","7,000 pounds","7,000 pounds",2 x Lycoming TIO-540-A,230 knots,185 pounds per engine per hour,200 pounds,20 pounds,"Left Main, Right Main",Fill to 98 percent before filling Secondary tanks,"Left Aux, Right Aux",Fill to 0 percent before filling Other tanks,NONE
S-307,Boeing S-307 Stratoliner,"AFV, DVA","2,390 Statute Miles","3,000 feet","3,000 feet",33 seats,"S-307, SA-307B, SB-307B",,"45,000 pounds","34,800 pounds","45,000 pounds","45,000 pounds",4 x Wright GR-1820 radial engines,230 knots,220 pounds per engine per hour,"2,000 pounds",100 pounds,"Left Main, Right Main",Fill to 100 percent before filling Secondary tanks,"Left Aux, Right Aux",Fill to 0 percent before filling Other tanks,NONE
S2000,S2000,"AFV, DVA","1,000 Statute Miles","1,300 feet","1,240 feet",54 seats,S20,,"50,704 pounds","20,000 pounds","50,704 pounds","47,400 pounds",2 x Rolls-Royce Allison AE-2100A,350 knots,882 pounds per engine per hour,"2,000 pounds",150 pounds,"Left Main, Right Main",Fill to 100 percent before filling Secondary tanks,NONE,Fill to 0 percent before filling Other tanks,NONE
S340,SAAB S-340,"AFV, DVA","1,075 Statute Miles","4,299 feet","2,635 feet",34 seats,"SF3, SF34",This is a Historic Aircraft This Aircraft is ETOPS-rated (ETOPS60),"29,000 pounds","26,500 pounds","29,000 pounds","28,500 pounds",2 x GE CT7-9B,400 knots,400 pounds per engine per hour,900 pounds,25 pounds,Center,Fill to 0 percent before filling Secondary tanks,NONE,Fill to 0 percent before filling Other tanks,NONE
SA227,Fairchild SA227 Metro,DVA,"1,000 Statute Miles",,,19 seats,"SA226, SA227, SA26, SWM",,"16,550 pounds","12,500 pounds","16,000 pounds","14,000 pounds",2 x Garrett AiResearch TPE-331,270 knots,500 pounds per engine per hour,900 pounds,25 pounds,"Left Main, Right Main",Fill to 100 percent before filling Secondary tanks,NONE,Fill to 0 percent before filling Other tanks,NONE
SD-330,Shorts SD-330,DVA,915 Statute Miles,"1,850 feet","2,635 feet",30 seats,SH3,,"22,899 pounds","22,899 pounds","22,899 pounds","22,600 pounds",2 x P&W PT6A-45R,165 knots,"1,000 pounds per engine per hour","2,000 pounds",500 pounds,"Left Main, Right Main",Fill to 99 percent before filling Secondary tanks,Center,Fill to 0 percent before filling Other tanks,NONE
SD-360,Shorts SD-360,"AFV, DVA",670 Statute Miles,"1,850 feet","1,330 feet",36 seats,SH6,,"26,553 pounds","26,100 pounds","26,453 pounds","26,100 pounds",2 x PT6A-67R,350 knots,"1,000 pounds per engine per hour","2,500 pounds",700 pounds,"Left Main, Right Main",Fill to 90 percent before filling Secondary tanks,Center,Fill to 0 percent before filling Other tanks,NONE
Super Connie,Super Constellation,"AFV, DVA","4,718 Statute Miles","3,000 feet","3,000 feet",95 seats,1049,,"141,000 pounds","104,200 pounds","137,500 pounds","113,000 pounds",4 x Wright R-3350-DA-3,270 knots,700 pounds per engine per hour,"1,600 pounds",600 pounds,"Center 2, Center 3, Left Main, Right Main, External, External 2",Fill to 90 percent before filling Secondary tanks,"Center, Left Tip, Right Tip",Fill to 90 percent before filling Other tanks,NONE
Trimotor 5-AT,Ford Trimotor 5-AT,DVA,510 Statute Miles,"1,500 feet","1,500 feet",11 seats,"TRI, TRIM",,"13,500 pounds","12,750 pounds","13,500 pounds","13,500 pounds",3 x P&W Wasp,90 knots,100 pounds per engine per hour,100 pounds,15 pounds,Center,Fill to 95 percent before filling Secondary tanks,"Left Main, Right Main",Fill to 5 percent before filling Other tanks,NONE
TU-154,Tupolev Tu-154,DVA,"2,423 Statute Miles","7,500 feet","3,200 feet",131 seats,TU5,,"224,800 pounds","121,900 pounds","224,800 pounds","176,000 pounds",3 x Solokiev D-30K,520 knots,"3,900 pounds per engine per hour","13,000 pounds","1,200 pounds","Center, Left Main, Right Main",Fill to 99 percent before filling Secondary tanks,NONE,Fill to 0 percent before filling Other tanks,NONE
