ICAO,Name,State/Territory,Country,Timezone
EKYT,Aalborg Airport,,Denmark,Europe/Copenhagen
EKAH,Aarhus Airport,,Denmark,Europe/Copenhagen
OIAA,Abadan Ayatollah Jami International Airport,,Iran,Asia/Tehran
CYXX,Abbotsford International Airport,British Columbia,Canada,America/Vancouver
KABR,Aberdeen Regional Airport,South Dakota,United States,America/Chicago
EGPD,Aberdeen International Airport,,United Kingdom,Europe/London
OEAB,Abha International Airport,,Saudi Arabia,Asia/Riyadh
DIAP,Felix-Houphouet-Boigny International Airport,,Cote D'Ivoire,Africa/Abidjan
KABI,Abilene Regional Airport,Texas,United States,America/Chicago
OMAA,Zayed International Airport,,United Arab Emirates,Asia/Dubai
DNAA,Nnamdi Azikiwe International Airport,,Nigeria,Africa/Lagos
MMAA,General Juan N. Alvarez International Airport,,Mexico,America/Mexico_City
DGAA,Kotoka International Airport,,Ghana,Africa/Accra
PADK,Adak Airport,Alaska,United States,America/Adak
HAAB,Addis Ababa Bole International Airport,,Ethiopia,Africa/Addis_Ababa
YPAD,Adelaide International Airport,South Australia,Australia,Australia/Adelaide
TJBQ,Rafael Hernandez International Airport,,Puerto Rico,America/Puerto_Rico
MMAS,Aguascalientes International Airport,,Mexico,America/Mexico_City
VAAH,Sardar Vallabh Patel International Airport,,India,Asia/Calcutta
KCAK,Akron Canton Regional Airport,Ohio,United States,America/New_York
ZWAK,Aksu Hongqipo Airport,,China,Asia/Shanghai
OEBA,King Saud Bin Abdulaziz (Al Baha) Airport,,Saudi Arabia,Asia/Riyadh
KABY,Southwest Georgia Regional Airport,Georgia,United States,America/New_York
KALB,Albany International Airport,New York,United States,America/New_York
KABQ,Albuquerque International Sunport,New Mexico,United States,America/Denver
ENAL,Alesund Airport,,Norway,Europe/Oslo
HEBA,Alexandria International Airport,,Egypt,Africa/Cairo
HEAX,Alexandria,,Egypt,Africa/Cairo
KAEX,Alexandria International Airport,Louisiana,United States,America/Chicago
KESF,Esler Army Airfield / Esler Regional Airport,Louisiana,United States,America/Chicago
LIEA,Alghero-Fertilia Airport,,Italy,Europe/Rome
DAAG,Houari Boumediene Airport,,Algeria,Africa/Algiers
LEAL,Alicante-Elche Miguel Hernandez Airport,,Spain,Europe/Madrid
YBAS,Alice Springs Airport,Northern Territory,Australia,Australia/Darwin
OESK,Al-Jawf International Airport,,Saudi Arabia,Asia/Riyadh
VIAL,Prayagraj Airport,,India,Asia/Calcutta
VEAB,Prayagraj,,India,Asia/Kolkata
KABE,Lehigh Valley International Airport,Pennsylvania,United States,America/New_York
KAIA,Alliance Municipal Airport,Nebraska,United States,America/Denver
ORNI,Al Najaf International Airport,,Iraq,Asia/Baghdad
KAPN,Alpena County Regional Airport,Michigan,United States,America/New_York
OEPA,Al Qaisumah/Hafr Al Batin Airport,,Saudi Arabia,Asia/Riyadh
ENAT,Alta Airport,,Norway,Europe/Oslo
ZWAT,Altay Xuedu Airport,,China,Asia/Shanghai
OEAO,Al-Ula International Airport,,Saudi Arabia,Asia/Riyadh
KAMA,Rick Husband Amarillo International Airport,Texas,United States,America/Chicago
WAPP,Pattimura International Airport,,Indonesia,Asia/Jayapura
OJAI,Queen Alia International Airport,,Jordan,Asia/Amman
EHAM,Amsterdam Airport Schiphol,,Netherlands,Europe/Amsterdam
PANC,Ted Stevens Anchorage International Airport,Alaska,United States,America/Anchorage
LTAC,Esenboga International Airport,,Turkey,Europe/Istanbul
ZYAS,Anshan Teng'ao Airport / Anshan Air Base,,China,Asia/Shanghai
FMMI,Ivato International Airport,,Madagascar,Indian/Antananarivo
SCFA,Andres Sabella Galvez International Airport,,Chile,America/Santiago
EBAW,Antwerp International Airport (Deurne),,Belgium,Europe/Brussels
NSFA,Faleolo International Airport,,Samoa,Pacific/Apia
KATW,Appleton International Airport,Wisconsin,United States,America/Chicago
SBAR,Aracaju - Santa Maria Airport,,Brazil,America/Fortaleza
OERR,Arar Domestic Airport,,Saudi Arabia,Asia/Riyadh
ESNX,Arvidsjaur Airport,,Sweden,Europe/Stockholm
RJEC,Asahikawa Airport,,Japan,Asia/Tokyo
FHAW,RAF Ascension Island,,"Saint Helena, Ascension And Tristan Da Cunha",Atlantic/St_Helena
KAVL,Asheville Regional Airport,North Carolina,United States,America/New_York
KASE,Aspen-Pitkin County Airport (Sardy Field),Colorado,United States,America/Denver
UACC,Nursultan Nazarbayev International Airport,,Kazakhstan,Asia/Qyzylorda
KAST,Astoria Regional Airport,Oregon,United States,America/Los_Angeles
SGAS,Silvio Pettirossi International Airport,,Paraguay,America/Asuncion
LGAV,Athens Eleftherios Venizelos International Airport,,Greece,Europe/Athens
KATL,Hartsfield Jackson Atlanta International Airport,Georgia,United States,America/New_York
KACY,Atlantic City International Airport,New Jersey,United States,America/New_York
KLEW,Auburn Lewiston Municipal Airport,Maine,United States,America/New_York
NZAA,Auckland International Airport,,New Zealand,Pacific/Auckland
KAGS,Augusta Regional At Bush Field,Georgia,United States,America/New_York
KAUG,Augusta State Airport,Maine,United States,America/New_York
KAUS,Austin Bergstrom International Airport,Texas,United States,America/Chicago
KAVX,Catalina Airport,California,United States,America/Los_Angeles
YAYE,Ayers Rock Connellan Airport,Northern Territory,Australia,Australia/Darwin
ORBI,Baghdad International Airport / New Al Muthana Air Base,,Iraq,Asia/Baghdad
SAZB,Comandante Espora Airport,,Argentina,America/Buenos_Aires
OBBI,Bahrain International Airport,,Bahrain,Asia/Bahrain
LRBM,Maramures International Airport,,Romania,Europe/Bucharest
ZYBS,Changbaishan Airport,,China,Asia/Shanghai
KBKE,Baker City Municipal Airport,Oregon,United States,America/Los_Angeles
KBFL,Meadows Field,California,United States,America/Los_Angeles
WADD,Denpasar I Gusti Ngurah Rai International Airport,,Indonesia,Asia/Makassar
WALL,Sultan Aji Muhammad Sulaiman Sepinggan International Airport,,Indonesia,Asia/Makassar
YBNA,Ballina Byron Gateway Airport,New South Wales,Australia,Australia/Sydney
KBWI,Baltimore/Washington International Thurgood Marshall Airport,Maryland,United States,America/New_York
WITT,Sultan Iskandar Muda International Airport,,Indonesia,Asia/Jakarta
WICC,Husein Sastranegara International Airport,,Indonesia,Asia/Jakarta
VOBL,Kempegowda International Airport Bengaluru,,India,Asia/Calcutta
VTBD,Don Mueang International Airport,,Thailand,Asia/Bangkok
VTBS,Suvarnabhumi Airport,,Thailand,Asia/Bangkok
KBGR,Bangor International Airport,Maine,United States,America/New_York
WAOO,Syamsudin Noor International Airport,,Indonesia,Asia/Makassar
ZPBS,Baoshan Yunrui Airport,,China,Asia/Shanghai
ZBOW,Baotou Donghe International Airport,,China,Asia/Shanghai
LEBL,Josep Tarradellas Barcelona-El Prat Airport,,Spain,Europe/Madrid
KBHB,Hancock County-Bar Harbor Airport,Maine,United States,America/New_York
LIBD,Bari Karol Wojtya International Airport,,Italy,Europe/Rome
SKBQ,Ernesto Cortissoz International Airport,,Colombia,America/Bogota
PABR,Wiley Post Will Rogers Memorial Airport,Alaska,United States,America/Anchorage
LFSB,EuroAirport BaselMulhouseFreiburg,,France,Europe/Paris
ORMM,Basra International Airport,,Iraq,Asia/Baghdad
TKPK,Robert L. Bradshaw International Airport,,Saint Kitts And Nevis,America/St_Kitts
LFKB,Bastia-Poretta International airport,,France,Europe/Paris
WIDD,Hang Nadim International Airport,,Indonesia,Asia/Jakarta
KBTR,Baton Rouge Metropolitan Airport,Louisiana,United States,America/Chicago
KBPT,Jack Brooks Regional Airport,Texas,United States,America/Chicago
ZGBH,Beihai Fucheng Airport,,China,Asia/Shanghai
ZBAA,Beijing Capital International Airport,,China,Asia/Shanghai
ZBAD,Beijing Daxing International Airport,,China,Asia/Shanghai
OLBA,Beirut Rafic Hariri International Airport,,Lebanon,Asia/Beirut
SBBE,Val de Cans/Julio Cezar Ribeiro International Airport,,Brazil,America/Belem
EGAA,Belfast International Airport,,United Kingdom,Europe/London
EGAC,George Best Belfast City Airport,,United Kingdom,Europe/London
LYBE,Belgrade Nikola Tesla Airport,,Serbia,Europe/Belgrade
MZBZ,Philip S. W. Goldson International Airport,,Belize,America/Belize
KBLI,Bellingham International Airport,Washington,United States,America/Los_Angeles
SBCF,Tancredo Neves International Airport,,Brazil,America/Sao_Paulo
KBJI,Bemidji Regional Airport,Minnesota,United States,America/Chicago
HLLB,Benina International Airport,,Libya,Africa/Tripoli
KBEH,Southwest Michigan Regional Airport,Michigan,United States,America/Detroit
LIME,Il Caravaggio International Airport,,Italy,Europe/Rome
ENBR,"Bergen Airport, Flesland",,Norway,Europe/Oslo
EDDB,Berlin Brandenburg Airport,,Germany,Europe/Berlin
KBML,Berlin Regional Airport,New Hampshire,United States,America/New_York
EDDX,Berlin,,Germany,Europe/Berlin
EDDT,Berlin,,Germany,Europe/Berlin
LSZB,Bern Airport,,Switzerland,Europe/Zurich
PABE,Bethel Airport,Alaska,United States,America/Anchorage
LFMU,Beziers Vias airport,,France,Europe/Paris
WABB,Frans Kaisiepo Airport,,Indonesia,Asia/Jayapura
LFBZ,Biarritz Pays Basque airport,,France,Europe/Paris
PABM,Big Mountain Airport,Alaska,United States,America/Anchorage
LEBB,Bilbao Airport,,Spain,Europe/Madrid
KBIL,Billings Logan International Airport,Montana,United States,America/Denver
EKBI,Billund Airport,,Denmark,Europe/Copenhagen
KBGM,Greater Binghamton/Edwin A Link field,New York,United States,America/New_York
KBHM,Birmingham-Shuttlesworth International Airport,Alabama,United States,America/Chicago
EGBB,Birmingham Airport,,United Kingdom,Europe/London
OEBH,Bisha Airport,,Saudi Arabia,Asia/Riyadh
KBIS,Bismarck Municipal Airport,North Dakota,United States,America/Chicago
FWCL,Chileka International Airport,,Malawi,Africa/Blantyre
FABL,Bram Fischer International Airport,,South Africa,Africa/Johannesburg
KBLH,Blythe Airport,California,United States,America/Los_Angeles
ENBO,Bod Airport,,Norway,Europe/Oslo
KBFI,King County International Airport - Boeing Field,Washington,United States,America/Los_Angeles
SKBO,El Dorado International Airport,,Colombia,America/Bogota
KBOI,Boise Air Terminal/Gowen Field,Idaho,United States,America/Denver
LIPE,Bologna Guglielmo Marconi Airport,,Italy,Europe/Rome
TNCB,Flamingo International Airport,,Caribbean Netherlands,America/Curacao
NGTA,Bonriki International Airport,,Kiribati,Pacific/Tarawa
LFBD,BordeauxMerignac Airport,,France,Europe/Paris
KBOS,Boston Logan International Airport,Massachusetts,United States,America/New_York
KBZN,Bozeman Yellowstone International Airport,Montana,United States,America/Denver
KBRD,Brainerd Lakes Regional Airport,Minnesota,United States,America/Chicago
CYBR,Brandon Municipal Airport,Manitoba,Canada,America/Winnipeg
SBBR,Presidente Juscelino Kubitschek International Airport,,Brazil,America/Sao_Paulo
LZIB,M. R. Stefanik Airport,,Slovakia,Europe/Bratislava
FCBB,Maya-Maya International Airport,,Republic Of The Congo,Africa/Brazzaville
EDDW,Bremen Airport,,Germany,Europe/Berlin
LFRB,Brest Bretagne airport,,France,Europe/Paris
TBPB,Grantley Adams International Airport,,Barbados,America/Barbados
LIBR,Brindisi Airport,,Italy,Europe/Rome
YBBN,Brisbane International Airport,Queensland,Australia,Australia/Brisbane
KTRI,Tri-Cities Regional TN/VA Airport,Tennessee,United States,America/New_York
EGGD,Bristol Airport,,United Kingdom,Europe/London
KBKX,Brookings Regional Airport,South Dakota,United States,America/Chicago
YBRM,Broome International Airport,Western Australia,Australia,Australia/Perth
KBRO,Brownsville South Padre Island International Airport,Texas,United States,America/Chicago
KBQK,Brunswick Golden Isles Airport,Georgia,United States,America/New_York
EBBR,Brussels Airport,,Belgium,Europe/Brussels
LROP,Bucharest Henri Coanda International Airport,,Romania,Europe/Bucharest
LHBP,Budapest Liszt Ferenc International Airport,,Hungary,Europe/Budapest
SAEZ,Ezeiza International Airport - Ministro Pistarini,,Argentina,America/Buenos_Aires
SABE,Aeroparque Jorge Newbery,,Argentina,America/Buenos_Aires
KBUF,Buffalo Niagara International Airport,New York,United States,America/New_York
HBBA,Bujumbura Melchior Ndadaye International Airport,,Burundi,Africa/Bujumbura
VVBM,Buon Ma Thuot Airport,,Vietnam,Asia/Saigon
KBUR,Hollywood Burbank Airport,California,United States,America/Los_Angeles
KBYI,Burley Municipal Airport,Idaho,United States,America/Boise
KBTV,Patrick Leahy Burlington International Airport,Vermont,United States,America/New_York
CYDB,Burwash Airport,Yukon,Canada,America/Vancouver
KBTM,Bert Mooney Airport,Montana,United States,America/Denver
LFRK,Caen Carpiquet airport,,France,Europe/Paris
YBCS,Cairns International Airport,Queensland,Australia,Australia/Brisbane
HECA,Cairo International Airport,,Egypt,Africa/Cairo
VECC,Netaji Subhash Chandra Bose International Airport,,India,Asia/Calcutta
CYYC,Calgary International Airport,Alberta,Canada,America/Edmonton
SKCL,Alfonso Bonilla Aragon International Airport,,Colombia,America/Bogota
LFKC,Calvi Sainte Catherine Airport,,France,Europe/Paris
MUCM,Ignacio Agramonte International Airport,,Cuba,America/Havana
MMCP,Ingeniero Alberto Acuna Ongay International Airport,,Mexico,America/Mexico_City
SBKG,Presidente Joao Suassuna Airport,,Brazil,America/Fortaleza
SBCG,Campo Grande Airport,,Brazil,America/Campo_Grande
YSCB,Canberra Airport,Australian Capital Territory,Australia,Australia/Sydney
MMUN,Cancun International Airport,,Mexico,America/Cancun
ZPCW,Cangyuan Washan Airport,,China,Asia/Shanghai
VVCT,Can Tho International Airport,,Vietnam,Asia/Saigon
PCIS,Canton Island Airport,,Kiribati,Pacific/Enderbury
KCGI,Cape Girardeau Regional Airport,Missouri,United States,America/Chicago
FACT,Cape Town International Airport,,South Africa,Africa/Johannesburg
SVMI,Maiquetia Simon Bolivar International Airport,,Venezuela,America/Caracas
SBCV,Caravelas Airport,,Brazil,America/Fortaleza
EGFF,Cardiff International Airport,,United Kingdom,Europe/London
SKCG,Rafael Nunez International Airport,,Colombia,America/Bogota
GMMC,Casablanca,,Morocco,Africa/Casablanca
GMMN,Mohammed V International Airport,,Morocco,Africa/Casablanca
KCPR,Casper-Natrona County International Airport,Wyoming,United States,America/Denver
PLCH,Cassidy International Airport,,Kiribati,Pacific/Kiritimati
LECH,Castellon-Costa Azahar Airport,,Spain,Europe/Madrid
SANC,Coronel Felipe Varela International Airport,,Argentina,America/Catamarca
LICC,Catania-Fontanarossa Airport,,Italy,Europe/Rome
SOCA,Cayenne Felix Eboue Airport,,French Guiana,America/Cayenne
RPVM,Mactan Cebu International Airport,,Philippines,Asia/Manila
KCDC,Cedar City Regional Airport,Utah,United States,America/Denver
KCID,The Eastern Iowa Airport,Iowa,United States,America/Chicago
KCMI,University of Illinois Willard Airport,Illinois,United States,America/Chicago
ZYCX,Changchun,,China,Asia/Shanghai
ZYCC,Changchun Longjia International Airport,,China,Asia/Shanghai
ZGHA,Changsha Huanghua International Airport,,China,Asia/Shanghai
ZSCG,Changzhou Benniu International Airport,,China,Asia/Shanghai
ZYCY,Chaoyang Airport,,China,Asia/Shanghai
SBCH,Serafin Enoss Bertaso Airport,,Brazil,America/Sao_Paulo
KCHS,Charleston International Airport,South Carolina,United States,America/New_York
KCRW,Yeager Airport,West Virginia,United States,America/New_York
YBCV,Charleville Airport,Queensland,Australia,Australia/Brisbane
KCLT,Charlotte Douglas International Airport,North Carolina,United States,America/New_York
KCHO,Charlottesville Albemarle Airport,Virginia,United States,America/New_York
KCHA,Chattanooga Metropolitan Airport (Lovell Field),Tennessee,United States,America/New_York
ZUUU,Chengdu Shuangliu International Airport,,China,Asia/Shanghai
VOMM,Chennai International Airport,,India,Asia/Calcutta
RKTU,Cheongju International Airport/Cheongju Air Base (K-59/G-513),,South Korea,Asia/Seoul
MMCM,Chetumal International Airport,,Mexico,America/Cancun
KCYS,Cheyenne Regional Jerry Olson Field,Wyoming,United States,America/Denver
VTCC,Chiang Mai International Airport,,Thailand,Asia/Bangkok
KMDW,Chicago Midway International Airport,Illinois,United States,America/Chicago
KORD,Chicago O'Hare International Airport,Illinois,United States,America/Chicago
KCIC,Chico Regional Airport,California,United States,America/Los_Angeles
MMCU,General Roberto Fierro Villalobos International Airport,,Mexico,America/Mazatlan
LUKK,Chisinau International Airport,,Moldova,Europe/Chisinau
RJCC,New Chitose Airport,,Japan,Asia/Tokyo
ZUCK,Chongqing Jiangbei International Airport,,China,Asia/Shanghai
VVCA,Chu Lai Airport,,Vietnam,Asia/Saigon
KCVG,Cincinnati Northern Kentucky International Airport,Kentucky,United States,America/New_York
MMCE,Ciudad del Carmen International Airport,,Mexico,America/Mexico_City
MMCS,Abraham Gonzalez International Airport,,Mexico,America/Mazatlan
MMCN,Ciudad Obregon International Airport,,Mexico,America/Hermosillo
KCKB,North Central West Virginia Airport,West Virginia,United States,America/New_York
KCKV,ClarksvilleMontgomery County Regional Airport,Tennessee,United States,America/Chicago
LFLC,Clermont-Ferrand Auvergne airport,,France,Europe/Paris
KCLE,Cleveland Hopkins International Airport,Ohio,United States,America/New_York
YCCY,Cloncurry Airport,Queensland,Australia,Australia/Brisbane
LRCL,Avram Iancu Cluj International Airport,,Romania,Europe/Bucharest
SWKO,Danilson Municipal Airport,,Brazil,America/Boa_Vista
SLCO,Capitan Anibal Arab Airport,,Bolivia,America/La_Paz
SLCB,Jorge Wilsterman International Airport,,Bolivia,America/La_Paz
PACD,Cold Bay Airport,Alaska,United States,America/Anchorage
KCLL,Easterwood Field,Texas,United States,America/Chicago
VCBI,Bandaranaike International Colombo Airport,,Sri Lanka,Asia/Colombo
KCOS,City of Colorado Springs Municipal Airport,Colorado,United States,America/Denver
KCOU,Columbia Regional Airport,Missouri,United States,America/Chicago
KCAE,Columbia Metropolitan Airport,South Carolina,United States,America/New_York
KCSG,Columbus Airport,Georgia,United States,America/New_York
KGTR,Golden Triangle Regional Airport,Mississippi,United States,America/Chicago
KCMH,John Glenn Columbus International Airport,Ohio,United States,America/New_York
SAVC,General Enrique Mosconi International Airport,,Argentina,America/Catamarca
CYQQ,Comox Valley International Airport / CFB Comox,British Columbia,Canada,America/Vancouver
GUCY,Ahmed Sekou Toure International Airport,,Guinea,Africa/Conakry
KCCR,Buchanan Field,California,United States,America/Los_Angeles
KJQF,Concord-Padgett Regional Airport,North Carolina,United States,America/New_York
KCON,Concord Municipal Airport,New Hampshire,United States,America/New_York
VVCS,Con Dao Airport,,Vietnam,Asia/Saigon
DABC,Mohamed Boudiaf International Airport,,Algeria,Africa/Algiers
YBCG,Gold Coast Airport,Queensland,Australia,Australia/Brisbane
EKCH,Copenhagen Kastrup Airport,,Denmark,Europe/Copenhagen
SACO,Ingeniero Aeronautico Ambrosio L.V. Taravella International Airport,,Argentina,America/Cordoba
PACV,Merle K (Mudhole) Smith Airport,Alaska,United States,America/Anchorage
EICK,Cork International Airport,,Ireland,Europe/Dublin
KCRP,Corpus Christi International Airport,Texas,United States,America/Chicago
SARC,Corrientes Airport,,Argentina,America/Cordoba
KCVO,Corvallis Municipal Airport,Oregon,United States,America/Los_Angeles
DBBB,Cotonou Cadjehoun International Airport,,Benin,Africa/Porto-Novo
MMCZ,Cozumel International Airport,,Mexico,America/Cancun
LRCV,Craiova International Airport,,Romania,Europe/Bucharest
CYXC,Cranbrook/Canadian Rockies International Airport,British Columbia,Canada,America/Edmonton
KCEC,Jack Mc Namara Field Airport,California,United States,America/Los_Angeles
SBCY,Varzea GrandeMarechal Rondon International Airport,,Brazil,America/Campo_Grande
MMCL,Bachigualato Federal International Airport,,Mexico,America/Mazatlan
SBCT,Curitiba-Afonso Pena International Airport,,Brazil,America/Sao_Paulo
SPZO,Alejandro Velasco Astete International Airport,,Peru,America/Lima
KCTB,Cut Bank International Airport,Montana,United States,America/Denver
RKTN,Daegu International Airport,,South Korea,Asia/Seoul
GOBD,Blaise Diagne International Airport,,Senegal,Africa/Dakar
GOOY,Leopold Sedar Senghor International Airport,,Senegal,Africa/Dakar
VVDL,Lien Khuong Airport,,Vietnam,Asia/Saigon
ZYTL,Dalian Zhoushuizi International Airport,,China,Asia/Shanghai
KDFW,Dallas Fort Worth International Airport,Texas,United States,America/Chicago
KDAL,Dallas Love Field,Texas,United States,America/Chicago
OSDI,Damascus International Airport,,Syria,Asia/Damascus
OEDF,King Fahd International Airport,,Saudi Arabia,Asia/Riyadh
VVDN,Da Nang International Airport,,Vietnam,Asia/Saigon
ZYDD,Dandong Langtou International Airport,,China,Asia/Shanghai
ZYDQ,Daqing Sartu Airport,,China,Asia/Shanghai
HTDA,Julius Nyerere International Airport,,Tanzania,Africa/Dar_es_Salaam
YPDN,Darwin International Airport / RAAF Darwin,Northern Territory,Australia,Australia/Darwin
ZBDT,Datong Yungang International Airport,,China,Asia/Shanghai
KDAB,Daytona Beach International Airport,Florida,United States,America/New_York
KDAY,James M. Cox Dayton International Airport,Ohio,United States,America/New_York
PASC,Deadhorse Airport,Alaska,United States,America/Anchorage
CYDF,Deer Lake Airport,Newfoundland And Labrador,Canada,America/St_Johns
VIDP,Indira Gandhi International Airport,,India,Asia/Calcutta
PABI,Allen Army Airfield,Alaska,United States,America/Anchorage
KDTA,Delta Municipal Airport,Utah,United States,America/Denver
KDEN,Denver International Airport,Colorado,United States,America/Denver
KDSM,Des Moines International Airport,Iowa,United States,America/Chicago
KDTW,Detroit Metropolitan Wayne County Airport,Michigan,United States,America/New_York
KDVL,Devils Lake Regional Airport,North Dakota,United States,America/Chicago
OEDR,King Abdulaziz Air Base,,Saudi Arabia,Asia/Riyadh
VGHS,Hazrat Shahjalal International Airport,,Bangladesh,Asia/Dhaka
PADL,Dillingham Airport,Alaska,United States,America/Anchorage
DTTJ,Djerba Zarzis International Airport,,Tunisia,Africa/Tunis
HDAM,Djibouti-Ambouli Airport,,Djibouti,Africa/Djibouti
OTHH,Hamad International Airport,,Qatar,Asia/Qatar
EGCN,"Doncaster, Sheffield",,United Kingdom,Europe/London
VVDH,Dong Hoi Airport,,Vietnam,Asia/Saigon
ZSDY,Dongying Shengli Airport,,China,Asia/Shanghai
KDHN,Dothan Regional Airport,Alabama,United States,America/Chicago
FKKD,Douala International Airport,,Cameroon,Africa/Douala
OMDW,Al Maktoum International Airport,,United Arab Emirates,Asia/Dubai
OMDB,Dubai International Airport,,United Arab Emirates,Asia/Dubai
LSMD,Dubendorf Air Base,,Switzerland,Europe/Zurich
EIDW,Dublin Airport,,Ireland,Europe/Dublin
KDBQ,Dubuque Regional Airport,Iowa,United States,America/Chicago
KDLH,Duluth International Airport,Minnesota,United States,America/Chicago
ZLDH,Dunhuang Mogao International Airport,,China,Asia/Shanghai
KDRO,Durango La Plata County Airport,Colorado,United States,America/Denver
MMDO,General Guadalupe Victoria International Airport,,Mexico,America/Mexico_City
EDDL,Dusseldorf Airport,,Germany,Europe/Berlin
FMCZ,Dzaoudzi Pamandzi International Airport,,Mayotte,Indian/Mayotte
PASY,Eareckson Air Station,Alaska,United States,America/Adak
KEAU,Chippewa Valley Regional Airport,Wisconsin,United States,America/Chicago
EGPH,Edinburgh Airport,,United Kingdom,Europe/London
CYEG,Edmonton International Airport,Alberta,Canada,America/Edmonton
EHEH,Eindhoven Airport,,Netherlands,Europe/Amsterdam
SAWC,El Calafate - Commander Armando Tola International Airport,,Argentina,America/Argentina/Rio_Gallegos
HKEL,Eldoret International Airport,,Kenya,Africa/Nairobi
KEKO,Elko Regional Airport,Nevada,United States,America/Los_Angeles
KELM,Elmira Corning Regional Airport,New York,United States,America/New_York
KELP,El Paso International Airport,Texas,United States,America/Denver
KELY,Ely Airport Yelland Field,Nevada,United States,America/Los_Angeles
YEML,Emerald Airport,Queensland,Australia,Australia/Brisbane
ZHES,Enshi Xujiaping Airport,,China,Asia/Shanghai
HUEN,Entebbe International Airport,,Uganda,Africa/Kampala
KEPH,Ephrata Municipal Airport,Washington,United States,America/Los_Angeles
KERI,Erie International Tom Ridge Field,Pennsylvania,United States,America/New_York
KESC,Delta County Airport,Michigan,United States,America/New_York
SAVE,Esquel Brigadier Antonio Parodi International Airport,,Argentina,America/Catamarca
EDLE,Essen-Mulheim Airport,,Germany,Europe/Berlin
KEUG,Eugene Airport,Oregon,United States,America/Los_Angeles
KACV,California Redwood Coast-Humboldt County Airport,California,United States,America/Los_Angeles
KEVV,Evansville Regional Airport,Indiana,United States,America/Chicago
PAFA,Fairbanks International Airport,Alaska,United States,America/Anchorage
KFRM,Fairmont Municipal Airport,Minnesota,United States,America/Chicago
KFAR,Hector International Airport,North Dakota,United States,America/Chicago
LPFR,Faro - Gago Coutinho International Airport,,Portugal,Europe/Lisbon
KXNA,Northwest Arkansas National Airport,Arkansas,United States,America/Chicago
KFYV,Drake Field,Arkansas,United States,America/Chicago
KFHB,Fernandina Beach,Florida,United States,America/New_York
KFIT,Fitchburg Municipal Airport,Massachusetts,United States,America/New_York
KFLG,Flagstaff Pulliam Airport,Arizona,United States,America/Phoenix
KFNT,Bishop International Airport,Michigan,United States,America/New_York
LIRQ,"Florence Airport, Peretola",,Italy,Europe/Rome
KFLO,Florence Regional Airport,South Carolina,United States,America/New_York
SBFL,Hercilio Luz International Airport,,Brazil,America/Sao_Paulo
SWOB,Fonte Boa Airport,,Brazil,America/Boa_Vista
SARF,Formosa National Airport,,Argentina,America/Cordoba
SBFZ,Pinto Martins International Airport,,Brazil,America/Fortaleza
TFFF,Martinique Aime Cesaire International Airport,,Martinique,America/Martinique
KFOD,Fort Dodge Regional Airport,Iowa,United States,America/Chicago
KFLL,Fort Lauderdale Hollywood International Airport,Florida,United States,America/New_York
CYMM,Fort McMurray International Airport,Alberta,Canada,America/Edmonton
KRSW,Southwest Florida International Airport,Florida,United States,America/New_York
CYYE,Fort Nelson Airport,British Columbia,Canada,America/Vancouver
KFPR,Treasure Coast International Airport,Florida,United States,America/New_York
CYFS,Fort Simpson Airport,Northwest Territories,Canada,America/Edmonton
KFSM,Fort Smith Regional Airport,Arkansas,United States,America/Chicago
CYXJ,Fort St John / North Peace Regional Airport,British Columbia,Canada,America/Dawson_Creek
KFWA,Fort Wayne International Airport,Indiana,United States,America/New_York
KFTW,Fort Worth Meacham International Airport,Texas,United States,America/Chicago
KFFT,Capital City Airport,Kentucky,United States,America/New_York
EDDF,Frankfurt Main Airport,,Germany,Europe/Berlin
CYFC,Fredericton International Airport,New Brunswick,Canada,America/Halifax
MYGF,Grand Bahama International Airport,,Bahamas,America/Nassau
GFLL,Lungi International Airport,,Sierra Leone,Africa/Freetown
KFAT,Fresno Yosemite International Airport,California,United States,America/Los_Angeles
EDNY,Bodensee Airport Friedrichshafen,,Germany,Europe/Berlin
KVPS,Destin-Fort Walton Beach Airport,Florida,United States,America/Chicago
RJFF,Fukuoka Airport,,Japan,Asia/Tokyo
ZSFY,Fuyang Xiguan Airport,,China,Asia/Shanghai
ZSFZ,Fuzhou Changle International Airport,,China,Asia/Shanghai
KGNV,Gainesville Regional Airport,Florida,United States,America/New_York
PAGA,Edward G. Pitka Sr Airport,Alaska,United States,America/Anchorage
CYQX,Gander International Airport,Newfoundland And Labrador,Canada,America/St_Johns
ZSGZ,Ganzhou Huangjin Airport,,China,Asia/Shanghai
OEGS,Prince Naif bin Abdulaziz International Airport,,Saudi Arabia,Asia/Riyadh
EPGD,Gdansk Lech Waesa Airport,,Poland,Europe/Warsaw
LSGG,Geneva International Airport,,Switzerland,Europe/Paris
LIMJ,Genoa Cristoforo Colombo Airport,,Italy,Europe/Rome
MYEF,Exuma International Airport,,Bahamas,America/Nassau
SYCJ,Cheddi Jagan International Airport,,Guyana,America/Guyana
VVDB,Dien Bien Phu Airport,,Vietnam,Asia/Saigon
LXGB,Gibraltar Airport,,Gibraltar,Europe/Gibraltar
LEGE,Girona-Costa Brava Airport,,Spain,Europe/Madrid
OEGN,Jizan Regional Airport / King Abdullah bin Abdulaziz Airport,,Saudi Arabia,Asia/Riyadh
KGGW,Glasgow Valley County Airport Wokal Field,Montana,United States,America/Denver
EGPK,Glasgow Prestwick Airport,,United Kingdom,Europe/London
EGPF,Glasgow Airport,,United Kingdom,Europe/London
VOGO,Goa Dabolim International Airport,,India,Asia/Kolkata
SBGO,Santa Genoveva International Airport,,Brazil,America/Sao_Paulo
ZLGM,Golmud Airport,,China,Asia/Shanghai
CYYR,Goose Bay Airport,Newfoundland And Labrador,Canada,America/Halifax
WAMG,Jalaluddin Airport,,Indonesia,Asia/Makassar
ESGG,Goteborg Landvetter Airport,,Sweden,Europe/Stockholm
MYEM,Governor's Harbour Airport,,Bahamas,America/Nassau
KGCN,Grand Canyon National Park Airport,Arizona,United States,America/Phoenix
MWCR,Owen Roberts International Airport,,Cayman Islands,America/Cayman
CYQU,Grande Prairie Airport,Alberta,Canada,America/Edmonton
KGFK,Grand Forks International Airport,North Dakota,United States,America/Chicago
KGRI,Central Nebraska Regional Airport,Nebraska,United States,America/Chicago
KGRR,Gerald R. Ford International Airport,Michigan,United States,America/New_York
LOWG,Graz Airport,,Austria,Europe/Vienna
KGTF,Great Falls International Airport,Montana,United States,America/Denver
KGRB,Austin Straubel International Airport,Wisconsin,United States,America/Chicago
KGSO,Piedmont Triad International Airport,North Carolina,United States,America/New_York
KGLH,Mid Delta Regional Airport,Mississippi,United States,America/Chicago
KPGV,Pitt-Greenville Airport,North Carolina,United States,America/New_York
KGMU,Greenville Downtown Airport,South Carolina,United States,America/New_York
KGSP,Greenville-Spartanburg International Airport,South Carolina,United States,America/New_York
KGWO,GreenwoodLeflore Airport,Mississippi,United States,America/Chicago
EHGG,Groningen Airport Eelde,,Netherlands,Europe/Amsterdam
KGON,Groton New London Airport,Connecticut,United States,America/New_York
MMGL,Guadalajara International Airport,,Mexico,America/Mexico_City
PGUM,Antonio B. Won Pat International Airport,,Guam,Pacific/Guam
ZGGG,Guangzhou Baiyun International Airport,,China,Asia/Shanghai
MGGT,La Aurora International Airport,,Guatemala,America/Guatemala
SEGU,Jose Joaquin de Olmedo International Airport,,Ecuador,America/Guayaquil
SLGY,Capitan de Av. Emilio Beltran Airport,,Bolivia,America/La_Paz
EGJB,Guernsey Airport,,Guernsey,Europe/Guernsey
ZGKL,Guilin Liangjiang International Airport,,China,Asia/Shanghai
ZUGY,Guiyang Longdongbao International Airport,,China,Asia/Shanghai
KGPT,Gulfport Biloxi International Airport,Mississippi,United States,America/Chicago
KGUC,Gunnison Crested Butte Regional Airport,Colorado,United States,America/Denver
OEGT,Gurayat Domestic Airport,,Saudi Arabia,Asia/Riyadh
RKJJ,Gwangju Airport,,South Korea,Asia/Seoul
ZJHK,Haikou Meilan International Airport,,China,Asia/Shanghai
ZYMD,Mudanjiang Hailang International Airport,,China,Asia/Shanghai
ZBLA,Hulunbuir Hailar Airport,,China,Asia/Shanghai
OEHL,Ha'il Airport,,Saudi Arabia,Asia/Riyadh
VVCI,Cat Bi International Airport,,Vietnam,Asia/Saigon
CYHZ,Halifax / Stanfield International Airport,Nova Scotia,Canada,America/Halifax
EDDH,Hamburg Helmut Schmidt Airport,,Germany,Europe/Berlin
TXKF,L.F. Wade International Airport,,Bermuda,Atlantic/Bermuda
YBHM,Hamilton Island Airport,Queensland,Australia,Australia/Brisbane
CYHM,John C. Munro Hamilton International Airport,Ontario,Canada,America/Toronto
KCMX,Houghton County Memorial Airport,Michigan,United States,America/New_York
ZBHD,Handan Airport,,China,Asia/Shanghai
ZSHC,Hangzhou Xiaoshan International Airport,,China,Asia/Shanghai
EDDV,Hannover Airport,,Germany,Europe/Berlin
VVNB,Noi Bai International Airport,,Vietnam,Asia/Saigon
FVRG,Harare,,Zimbabwe,Africa/Harare
ZYHB,Harbin Taiping International Airport,,China,Asia/Shanghai
KHRL,Valley International Airport,Texas,United States,America/Chicago
KMDT,Harrisburg International Airport,Pennsylvania,United States,America/New_York
ENEV,Harstad/Narvik Airport,,Norway,Europe/Oslo
KBDL,Bradley International Airport,Connecticut,United States,America/New_York
TNCC,Hato International Airport,,Curacao,America/Curacao
KPIB,Hattiesburg Laurel Regional Airport,Mississippi,United States,America/Chicago
ENHD,"Haugesund Airport, Karmy",,Norway,Europe/Oslo
MUHA,Jose Marti International Airport,,Cuba,America/Havana
KHDN,Yampa Valley Airport,Colorado,United States,America/Denver
ZSOF,Hefei Xinqiao International Airport,,China,Asia/Shanghai
ZYHE,Heihe Aihui Airport,,China,Asia/Shanghai
KHLN,Helena Regional Airport,Montana,United States,America/Denver
EFHK,Helsinki Vantaa Airport,,Finland,Europe/Helsinki
ZGHY,Hengyang Nanyue Airport,,China,Asia/Shanghai
LGIR,Heraklion International Nikos Kazantzakis Airport,,Greece,Europe/Athens
MMHO,General Ignacio L. Pesqueira International Airport,,Mexico,America/Hermosillo
TLPL,Hewanorra International Airport,,Saint Lucia,America/St_Lucia
KHIB,Range Regional Airport,Minnesota,United States,America/Chicago
KHKY,Hickory Regional Airport,North Carolina,United States,America/New_York
PHTO,Hilo International Airport,Hawaii,United States,Pacific/Honolulu
KHXD,Hilton Head Airport,South Carolina,United States,America/New_York
RJOA,Hiroshima Airport,,Japan,Asia/Tokyo
YMHB,Hobart International Airport,Tasmania,Australia,Australia/Melbourne
VVTS,Tan Son Nhat International Airport,,Vietnam,Asia/Saigon
ZBHH,Hohhot Baita International Airport,,China,Asia/Shanghai
PAHO,Homer Airport,Alaska,United States,America/Anchorage
VHHH,Hong Kong International Airport,,Hong Kong,Asia/Hong_Kong
VHHX,Hong Kong,,Hong Kong,Asia/Hong_Kong
AGGH,Honiara International Airport,,Solomon Islands,Pacific/Guadalcanal
PHNL,Daniel K. Inouye International Airport,Hawaii,United States,Pacific/Honolulu
KHQM,Bowerman Airport,Washington,United States,America/Los_Angeles
ZWTN,Hotan Airport,,China,Asia/Shanghai
KHUL,Houlton International Airport,Maine,United States,America/New_York
KIAH,George Bush Intercontinental Airport,Texas,United States,America/Chicago
KHOU,William P. Hobby Airport,Texas,United States,America/Chicago
ZSSH,Huai'an Lianshui Airport,,China,Asia/Shanghai
ZSLQ,Taizhou Luqiao Airport,,China,Asia/Shanghai
ZLHX,Huatugou Airport,,China,Asia/Shanghai
MMBT,Bahias de Huatulco International Airport,,Mexico,America/Mexico_City
VVPB,Phu Bai International Airport,,Vietnam,Asia/Saigon
ZGHZ,Huizhou Pingtan Airport,,China,Asia/Shanghai
EGNJ,Humberside Airport,,United Kingdom,Europe/London
KHTS,Tri-State Airport / Milton J. Ferguson Field,West Virginia,United States,America/New_York
KHSV,Huntsville International Airport,Alabama,United States,America/Chicago
KHON,Huron Regional Airport,South Dakota,United States,America/Chicago
KHYA,Cape Cod Gateway Airport,Massachusetts,United States,America/New_York
VOHY,Begumpet Airport,,India,Asia/Calcutta
VOHS,Rajiv Gandhi International Airport,,India,Asia/Kolkata
LRIA,Iasi International Airport,,Romania,Europe/Bucharest
LEIB,Ibiza Airport,,Spain,Europe/Madrid
KIDA,Idaho Falls Regional Airport,Idaho,United States,America/Denver
SARI,Cataratas Del Iguazu International Airport,,Argentina,America/Cordoba
SBFI,Cataratas International Airport,,Brazil,America/Sao_Paulo
SBIL,Bahia - Jorge Amado Airport,,Brazil,America/Fortaleza
PAIL,Iliamna Airport,Alaska,United States,America/Anchorage
KIPL,Imperial County Airport,California,United States,America/Los_Angeles
KIND,Indianapolis International Airport,Indiana,United States,America/New_York
LOWI,Innsbruck Airport,,Austria,Europe/Vienna
KINL,Falls International Airport,Minnesota,United States,America/Chicago
EGPE,Inverness Airport,,United Kingdom,Europe/London
KIYK,Inyokern Airport,California,United States,America/Los_Angeles
SPQT,Coronel FAP Francisco Secada Vignetta International Airport,,Peru,America/Lima
KIWD,Gogebic Iron County Airport,Michigan,United States,America/Menominee
TJVQ,Antonio Rivera Rodriguez Airport,,Puerto Rico,America/Puerto_Rico
OPRN,PAF Base Nur Khan (Benazir Bhutto International Airport),,Pakistan,Asia/Karachi
OPIS,Islamabad International Airport,,Pakistan,Asia/Karachi
KISP,Long Island MacArthur Airport,New York,United States,America/New_York
LTBA,Istanbul Ataturk Airport,,Turkey,Europe/Istanbul
LTFM,Istanbul Airport,,Turkey,Europe/Istanbul
KITH,Ithaca Tompkins Regional Airport,New York,United States,America/New_York
MMZH,Ixtapa-Zihuatanejo International Airport,,Mexico,America/Mexico_City
LTBJ,Adnan Menderes International Airport,,Turkey,Europe/Istanbul
KHKS,Hawkins Field,Mississippi,United States,America/Chicago
KJAC,Jackson Hole Airport,Wyoming,United States,America/Denver
KJXN,Jackson County Airport/Reynolds Field,Michigan,United States,America/New_York
KJAN,Jackson-Medgar Wiley Evers International Airport,Mississippi,United States,America/Chicago
KMKL,McKellar-Sipes Regional Airport,Tennessee,United States,America/Chicago
KJAX,Jacksonville International Airport,Florida,United States,America/New_York
WIHH,Halim Perdanakusuma International Airport,,Indonesia,Asia/Jakarta
WIII,Soekarno-Hatta International Airport,,Indonesia,Asia/Jakarta
KJMS,Jamestown Regional Airport,North Dakota,United States,America/Chicago
KJVL,Southern Wisconsin Regional Airport,Wisconsin,United States,America/Chicago
OIZJ,Jask Airport,,Iran,Asia/Tehran
WAJJ,Dortheys Hiyo Eluay International Airport,,Indonesia,Asia/Jayapura
OEJN,King Abdulaziz International Airport,,Saudi Arabia,Asia/Riyadh
RKPC,Jeju International Airport,,South Korea,Asia/Seoul
EGJJ,Jersey Airport,,Jersey,Europe/Jersey
ZYJD,Daxing'anling Elunchun Airport,,China,Asia/Shanghai
ZYJM,Jiamusi Songjiang International Airport,,China,Asia/Shanghai
ZLJQ,Jiayuguan International Airport,,China,Asia/Shanghai
ZSJN,Jinan Yaoqiang International Airport,,China,Asia/Shanghai
ZLJC,Jinchang Jinchuan Airport,,China,Asia/Shanghai
ZSJA,Jian,,China,Asia/Shanghai
ZPJH,Xishuangbanna Gasa International Airport,,China,Asia/Shanghai
ZYJZ,Jinzhou Bay Airport,,China,Asia/Shanghai
ZYJX,Jixi Xingkaihu Airport,,China,Asia/Shanghai
SBJP,Presidente Castro Pinto International Airport,,Brazil,America/Fortaleza
VIJO,Jodhpur Airport,,India,Asia/Calcutta
FAOR,O.R. Tambo International Airport,,South Africa,Africa/Johannesburg
SBJU,Orlando Bezerra de Menezes Airport,,Brazil,America/Fortaleza
HJJJ,Juba International Airport,,South Sudan,Africa/Juba
SASJ,Gobernador Horacio Guzman International Airport,,Argentina,America/Jujuy
PAJN,Juneau International Airport,Alaska,United States,America/Anchorage
OAKB,Kabul International Airport,,Afghanistan,Asia/Kabul
RJFK,Kagoshima Airport,,Japan,Asia/Tokyo
PHOG,Kahului International Airport,Hawaii,United States,Pacific/Honolulu
KAZO,Kalamazoo/Battle Creek International Airport,Michigan,United States,America/New_York
YPKG,Kalgoorlie Boulder Airport,Western Australia,Australia,Australia/Perth
KGPI,Glacier Park International Airport,Montana,United States,America/Denver
CYKA,Kamloops John Moose Fulton Field Regional Airport,British Columbia,Canada,America/Vancouver
OAKN,Ahmad Shah Baba International Airport,,Afghanistan,Asia/Kabul
BGSF,Kangerlussuaq International Airport,,Greenland,America/Godthab
DNKN,Mallam Aminu Kano International Airport,,Nigeria,Africa/Lagos
KMCI,Kansas City International Airport,Missouri,United States,America/Chicago
RCKH,Kaohsiung International Airport,,Taiwan,Asia/Taipei
OPKC,Jinnah International Airport,,Pakistan,Asia/Karachi
ZWKM,Karamay Airport,,China,Asia/Shanghai
YPKA,Karratha Airport,Western Australia,Australia,Australia/Perth
ZWSH,Kashgar Laining International Airport,,China,Asia/Shanghai
VNKT,Tribhuvan International Airport,,Nepal,Asia/Katmandu
KEEN,Dillant Hopkins Airport,New Hampshire,United States,America/New_York
BIKF,Keflavik International Airport,,Iceland,Atlantic/Reykjavik
CYLW,Kelowna International Airport,British Columbia,Canada,America/Vancouver
PAEN,Kenai Municipal Airport,Alaska,United States,America/Anchorage
WAWW,Haluoleo Airport,,Indonesia,Asia/Makassar
PAKT,Ketchikan International Airport,Alaska,United States,America/Anchorage
KEYW,Key West International Airport,Florida,United States,America/New_York
HSSK,Khartoum International Airport,,Sudan,Africa/Khartoum
HRYR,Kigali International Airport,,Rwanda,Africa/Kigali
HTKJ,Kilimanjaro International Airport,,Tanzania,Africa/Dar_es_Salaam
KGRK,Killeen Regional Airport / Robert Gray Army Airfield,Texas,United States,America/Chicago
KILE,Skylark Field,Texas,United States,America/Chicago
KIGM,Kingman Airport,Arizona,United States,America/Phoenix
PAKN,King Salmon Airport,Alaska,United States,America/Anchorage
KIMT,Ford Airport,Michigan,United States,America/Chicago
MKJP,Norman Manley International Airport,,Jamaica,America/Jamaica
FZAA,Ndjili International Airport,,Democratic Republic Of The Congo,Africa/Kinshasa
KISO,Kinston Regional Jetport At Stallings Field,North Carolina,United States,America/New_York
ENKR,"Kirkenes Airport, Hybuktmoen",,Norway,Europe/Oslo
ESNQ,Kiruna Airport,,Sweden,Europe/Stockholm
HKKI,Kisumu International Airport,,Kenya,Africa/Nairobi
CYKF,Region of Waterloo International Airport,Ontario,Canada,America/Toronto
LOWK,Klagenfurt Airport,,Austria,Europe/Vienna
KLMT,Crater Lake-Klamath Regional Airport,Oregon,United States,America/Los_Angeles
KTYS,McGhee Tyson Airport,Tennessee,United States,America/New_York
VOCI,Cochin International Airport,,India,Asia/Calcutta
PADQ,Kodiak Airport,Alaska,United States,America/Anchorage
EDDK,Cologne Bonn Airport,,Germany,Europe/Berlin
RJNK,Komatsu Airport / JASDF Komatsu Air Base,,Japan,Asia/Tokyo
PHKO,Ellison Onizuka Kona International Airport at Keahole,Hawaii,United States,Pacific/Honolulu
ZWKL,Korla Licheng Airport,,China,Asia/Shanghai
PTRO,Roman Tmetuchl International Airport,,Palau,Pacific/Palau
LGKO,"Kos International Airport ""Ippokratis""",,Greece,Europe/Athens
LZKZ,Kosice International Airport,,Slovakia,Europe/Bratislava
WBKK,Kota Kinabalu International Airport,,Malaysia,Asia/Kuala_Lumpur
PAOT,Ralph Wien Memorial Airport,Alaska,United States,America/Anchorage
EPKK,Krakow John Paul II International Airport,,Poland,Europe/Warsaw
ENCN,Kristiansand Airport,,Norway,Europe/Oslo
ENKB,"Kristiansund Airport, Kvernberget",,Norway,Europe/Oslo
WMKK,Kuala Lumpur International Airport,,Malaysia,Asia/Kuala_Lumpur
BGKK,Kulusuk Airport,,Greenland,America/Nuuk
RJFT,Kumamoto Airport,,Japan,Asia/Tokyo
ZPPP,Kunming Changshui International Airport,,China,Asia/Shanghai
ZPPZ,Kunming,,China,Asia/Shanghai
YPKU,East Kimberley Regional (Kununurra) Airport,Western Australia,Australia,Australia/Perth
WATT,El Tari Airport,,Indonesia,Asia/Makassar
RJCK,Kushiro Airport,,Japan,Asia/Tokyo
OKKK,Kuwait International Airport,,Kuwait,Asia/Kuwait
UKBB,Boryspil International Airport,,Ukraine,Europe/Kiev
KLCI,Laconia Municipal Airport,New Hampshire,United States,America/New_York
LECO,A Coruna Airport,,Spain,Europe/Madrid
KLSE,La Crosse Regional Airport,Wisconsin,United States,America/Chicago
KLAF,Purdue University Airport,Indiana,United States,America/New_York
KLFT,Lafayette Regional Airport,Louisiana,United States,America/Chicago
DNMM,Murtala Muhammed International Airport,,Nigeria,Africa/Lagos
OPLA,Allama Iqbal International Airport,,Pakistan,Asia/Karachi
LPLA,Lajes Airport,,Portugal,Atlantic/Azores
KLCH,Lake Charles Regional Airport,Louisiana,United States,America/Chicago
KLCQ,Lake City Gateway Airport,Florida,United States,America/New_York
KTVL,Lake Tahoe Airport,California,United States,America/Los_Angeles
LICA,Lamezia Terme Sant'Eufemia International Airport,,Italy,Europe/Rome
ZPJM,Lancang Jingmai Airport,,China,Asia/Shanghai
KLAN,Capital Region International Airport,Michigan,United States,America/New_York
ZLLL,Lanzhou Zhongchuan International Airport,,China,Asia/Shanghai
SLLP,El Alto International Airport,,Bolivia,America/La_Paz
MMLP,Manuel Marquez de Leon International Airport,,Mexico,America/Mazatlan
KLRD,Laredo International Airport,Texas,United States,America/Chicago
SANL,Capitan V A Almonacid Airport,,Argentina,America/Argentina/La_Rioja
LCLK,Larnaca International Airport,,Cyprus,Asia/Nicosia
MDLR,Casa De Campo International Airport,,Dominican Republic,America/Santo_Domingo
GCLP,Gran Canaria Airport,,Spain,Atlantic/Canary
KLAS,Harry Reid International Airport,Nevada,United States,America/Los_Angeles
KLBE,Arnold Palmer Regional Airport,Pennsylvania,United States,America/New_York
YMLT,Launceston Airport,Tasmania,Australia,Australia/Melbourne
KLWM,Lawrence Municipal Airport,Massachusetts,United States,America/New_York
KLAW,Lawton Fort Sill Regional Airport,Oklahoma,United States,America/Chicago
KLXV,Lake County Airport,Colorado,United States,America/Denver
KLEB,Lebanon Municipal Airport,New Hampshire,United States,America/New_York
EGNM,Leeds Bradford Airport,,United Kingdom,Europe/London
EHLW,Leeuwarden Air Base,,Netherlands,Europe/Amsterdam
EDDP,Leipzig/Halle Airport,,Germany,Europe/Berlin
MMLO,Guanajuato International Airport,,Mexico,America/Mexico_City
CYQL,Lethbridge County Airport,Alberta,Canada,America/Edmonton
SKLT,Alfredo Vasquez Cobo International Airport,,Colombia,America/Bogota
KLWB,Greenbrier Valley Airport,West Virginia,United States,America/New_York
KLWS,Lewiston Nez Perce County Airport,Idaho,United States,America/Los_Angeles
KLWT,Lewistown Municipal Airport,Montana,United States,America/Denver
KLEX,Blue Grass Airport,Kentucky,United States,America/New_York
ZULS,Lhasa Gonggar International Airport,,China,Asia/Shanghai
ZSLG,Lianyungang Huaguoshan International Airport,,China,Asia/Shanghai
MRLB,Daniel Oduber Quiros International Airport,,Costa Rica,America/Costa_Rica
FOOL,Libreville Leon M'ba International Airport,,Gabon,Africa/Libreville
EBLG,Liege Airport,,Belgium,Europe/Brussels
PHLI,Lihue Airport,Hawaii,United States,Pacific/Honolulu
ZPLJ,Lijiang Sanyi International Airport,,China,Asia/Shanghai
FWKI,Kamuzu International Airport,,Malawi,Africa/Blantyre
SPJC,Lima,,Peru,America/Lima
ZPLC,Lincang Boshang Airport,,China,Asia/Shanghai
KLNK,Lincoln Airport,Nebraska,United States,America/Chicago
ESSL,Linkoping City Airport,,Sweden,Europe/Stockholm
ZSLY,Linyi Qiyang Airport,,China,Asia/Shanghai
LOWL,Linz-Horsching Airport,,Austria,Europe/Vienna
LPPT,Lisbon Humberto Delgado Airport,,Portugal,Europe/Lisbon
KLIT,Bill & Hillary Clinton National Airport/Adams Field,Arkansas,United States,America/Chicago
ZGZH,Liuzhou Bailian Airport / Bailian Air Base,,China,Asia/Shanghai
EGGP,Liverpool John Lennon Airport,,United Kingdom,Europe/London
FLLI,Harry Mwanga Nkumbula International Airport,,Zambia,Africa/Lusaka
LJLJ,Ljubljana Joze Pucnik Airport,,Slovenia,Europe/Ljubljana
KLGU,Logan-Cache Airport,Utah,United States,America/Denver
DXXX,LomeTokoin International Airport,,Togo,Africa/Lome
EGLC,London City Airport,,United Kingdom,Europe/London
EGKK,London Gatwick Airport,,United Kingdom,Europe/London
EGLL,London Heathrow Airport,,United Kingdom,Europe/London
EGGW,London Luton Airport,,United Kingdom,Europe/London
EGMH,Manston,,United Kingdom,Europe/London
CYXU,London International Airport,Ontario,Canada,America/Toronto
SBLO,Governor Jose Richa Airport,,Brazil,America/Sao_Paulo
KLGB,Long Beach International Airport,California,United States,America/Los_Angeles
YLRE,Longreach Airport,Queensland,Australia,Australia/Brisbane
ENSB,"Svalbard Airport, Longyear",,Norway,Arctic/Longyearbyen
MMLT,Loreto International Airport,,Mexico,America/Mazatlan
KLAX,Los Angeles International Airport,California,United States,America/Los_Angeles
MMLM,Valle del Fuerte International Airport,,Mexico,America/Mazatlan
KSDF,Louisville Muhammad Ali International Airport,Kentucky,United States,America/New_York
FNLU,Quatro de Fevereiro International Airport,,Angola,Africa/Luanda
VLLB,Luang Phabang International Airport,,Laos,Asia/Vientiane
KLBB,Lubbock Preston Smith International Airport,Texas,United States,America/Chicago
FZQA,Lubumbashi International Airport,,Democratic Republic Of The Congo,Africa/Lubumbashi
VILK,Chaudhary Charan Singh International Airport,,India,Asia/Calcutta
LSZA,Lugano Airport,,Switzerland,Europe/Zurich
ESPA,Lulea Airport,,Sweden,Europe/Stockholm
ZHLY,Luoyang Beijiao Airport,,China,Asia/Shanghai
LMML,Malta International Airport,,Malta,Europe/Malta
FLKK,Lusaka,,Zambia,Africa/Lusaka
ELLX,Luxembourg-Findel International Airport,,Luxembourg,Europe/Luxembourg
HELX,Luxor International Airport,,Egypt,Africa/Cairo
KLYH,Lynchburg Regional Airport - Preston Glenn Field,Virginia,United States,America/New_York
LFLL,Lyon Saint-Exupery Airport,,France,Europe/Paris
EHBK,Maastricht Aachen Airport,,Netherlands,Europe/Amsterdam
SBMQ,Macapa - Alberto Alcolumbre International Airport,,Brazil,America/Fortaleza
VMMC,Macau International Airport,,Macau,Asia/Macau
SBMO,Zumbi dos Palmares International Airport,,Brazil,America/Fortaleza
YBMK,Mackay Airport,Queensland,Australia,Australia/Brisbane
KMCN,Middle Georgia Regional Airport,Georgia,United States,America/New_York
LPMA,Cristiano Ronaldo International Airport,,Portugal,Europe/Lisbon
KMSN,Dane County Regional Truax Field,Wisconsin,United States,America/Chicago
LEMD,Adolfo Suarez MadridBarajas Airport,,Spain,Europe/Madrid
SLMG,Magdalena Airport,,Bolivia,America/La_Paz
PKMJ,Marshall Islands International Airport,,Marshall Islands,Pacific/Majuro
FGSL,Malabo International Airport,,Equatorial Guinea,Africa/Malabo
LEMG,Malaga-Costa del Sol Airport,,Spain,Europe/Madrid
SULS,Capitan Corbeta CA Curbelo International Airport,,Uruguay,America/Montevideo
VRMM,Velana International Airport,,Maldives,Indian/Maldives
HKML,Malindi International Airport,,Kenya,Africa/Nairobi
ESMS,Malmo Sturup Airport,,Sweden,Europe/Stockholm
WAMM,Sam Ratulangi International Airport,,Indonesia,Asia/Makassar
MNMG,Augusto C. Sandino (Managua) International Airport,,Nicaragua,America/Managua
SBEG,Eduardo Gomes International Airport,,Brazil,America/Boa_Vista
KMHT,Manchester-Boston Regional Airport,New Hampshire,United States,America/New_York
EGCC,Manchester Airport,,United Kingdom,Europe/London
VYMD,Mandalay International Airport,,Myanmar,Asia/Rangoon
RPLL,Ninoy Aquino International Airport,,Philippines,Asia/Manila
KMBL,Manistee County Blacker Airport,Michigan,United States,America/New_York
KMTW,Manitowoc County Airport,Wisconsin,United States,America/Chicago
KMKT,Mankato Regional Airport,Minnesota,United States,America/Chicago
EDFM,Mannheim-City Airport,,Germany,Europe/Berlin
WAUU,Manokwari,,Indonesia,Asia/Jayapura
WASR,Rendani Airport,,Indonesia,Asia/Jayapura
MMZO,Playa de Oro International Airport,,Mexico,America/Mexico_City
FQMA,Maputo Airport,,Mozambique,Africa/Maputo
SVMC,La Chinita International Airport,,Venezuela,America/Caracas
KMTH,Florida Keys Marathon International Airport,Florida,United States,America/New_York
SAZM,Astor Piazzola International Airport,,Argentina,America/Buenos_Aires
SBSL,Marechal Cunha Machado International Airport,,Brazil,America/Fortaleza
SVMG,Del Caribe Santiago Marino International Airport,,Venezuela,America/Caracas
KMAI,Marianna Municipal Airport,Florida,United States,America/Chicago
TDPD,Douglas-Charles Airport,,Dominica,America/Dominica
SBMG,Regional de Maringa - Silvio Name Junior Airport,,Brazil,America/Sao_Paulo
KSAW,Marquette/Sawyer International Airport,Michigan,United States,America/New_York
GMMX,Marrakesh Menara Airport,,Morocco,Africa/Casablanca
LFML,Marseille Provence Airport,,France,Europe/Paris
MYAM,Leonard M. Thompson International Airport,,Bahamas,America/Nassau
KMYV,Yuba County Airport,California,United States,America/Los_Angeles
KMCW,Mason City Municipal Airport,Iowa,United States,America/Chicago
MMMA,General Servando Canales International Airport,,Mexico,America/Mexico_City
FSIA,Seychelles International Airport,,Seychelles,Indian/Mahe
MMMZ,General Rafael Buelna International Airport,,Mexico,America/Mazatlan
KMFE,McAllen Miller International Airport,Texas,United States,America/Chicago
PAMC,McGrath Airport,Alaska,United States,America/Anchorage
WIMM,Kualanamu International Airport,,Indonesia,Asia/Jakarta
WIMK,Soewondo Air Force Base,,Indonesia,Asia/Jakarta
SKRG,Jose Maria Cordova International Airport,,Colombia,America/Bogota
KMFR,Rogue Valley International-Medford Airport,Oregon,United States,America/Los_Angeles
OEMA,Prince Mohammad Bin Abdulaziz Airport,,Saudi Arabia,Asia/Riyadh
YMML,Melbourne Airport,Victoria,Australia,Australia/Hobart
KMLB,Melbourne Orlando International Airport,Florida,United States,America/New_York
KMEM,Memphis International Airport,Tennessee,United States,America/Chicago
SAME,Governor Francisco Gabrielli International Airport,,Argentina,America/Mendoza
KMNM,MenomineeMarinette Twin County Airport,Michigan,United States,America/Chicago
LEMH,Menorca Airport,,Spain,Europe/Madrid
WAKK,Mopah International Airport,,Indonesia,Asia/Jayapura
KMCE,Merced Regional Macready Field,California,United States,America/Los_Angeles
MMMD,Manuel Crescencio Rejon International Airport,,Mexico,America/Mexico_City
KMEI,Key Field / Meridian Regional Airport,Mississippi,United States,America/Chicago
MMML,General Rodolfo Sanchez Taboada International Airport,,Mexico,America/Tijuana
MMSM,Felipe Angeles International Airport,,Mexico,America/Mexico_City
MMMX,Mexico City Benito Juarez International Airport,,Mexico,America/Mexico_City
KMIA,Miami International Airport,Florida,United States,America/New_York
ZUMY,Mianyang Nanjiao Airport,,China,Asia/Shanghai
KMAF,Midland International Air and Space Port,Texas,United States,America/Chicago
PMDY,Henderson Field,,United States Minor Outlying Islands,Pacific/Midway
LIML,Milano Linate Airport,,Italy,Europe/Rome
LIMC,Milan Malpensa International Airport,,Italy,Europe/Rome
KMLS,Miles City Airport - Frank Wiley Field,Montana,United States,America/Denver
KMLF,Milford Municipal-Ben and Judy Briscoe Field,Utah,United States,America/Denver
KMLT,Millinocket Municipal Airport,Maine,United States,America/New_York
KMKE,General Mitchell International Airport,Wisconsin,United States,America/Chicago
MMMT,Minatitlan/Coatzacoalcos International Airport,,Mexico,America/Mexico_City
CYLP,Mingan,Quebec,Canada,America/Toronto
KMSP,MinneapolisSaint Paul International Airport / WoldChamberlain Field,Minnesota,United States,America/Chicago
KFCM,Flying Cloud Airport,Minnesota,United States,America/Chicago
KMOT,Minot International Airport,North Dakota,United States,America/Chicago
KMSO,Missoula Montana Airport,Montana,United States,America/Denver
KMHE,Mitchell Municipal Airport,South Dakota,United States,America/Chicago
HLLM,Mitiga International Airport,,Libya,Africa/Tripoli
KCNY,Canyonlands Regional Airport,Utah,United States,America/Denver
KMOB,Mobile Regional Airport,Alabama,United States,America/Chicago
HCMM,Aden Adde International Airport,,Somalia,Africa/Mogadishu
KMLI,Quad City International Airport,Illinois,United States,America/Chicago
HKMO,Moi International Airport,,Kenya,Africa/Nairobi
DTMB,Monastir Habib Bourguiba International Airport,,Tunisia,Africa/Tunis
CYQM,Greater Moncton Romeo LeBlanc International Airport,New Brunswick,Canada,America/Halifax
KMLU,Monroe Regional Airport,Louisiana,United States,America/Chicago
GLRB,Roberts International Airport,,Liberia,Africa/Monrovia
MKJS,Sangster International Airport,,Jamaica,America/Jamaica
KMRY,Monterey Regional Airport,California,United States,America/Los_Angeles
MMMY,Monterrey International Airport,,Mexico,America/Mexico_City
SBMK,Mario Ribeiro Airport,,Brazil,America/Sao_Paulo
SUMU,Carrasco General Cesareo L. Berisso International Airport,,Uruguay,America/Montevideo
KMGM,Montgomery Regional (Dannelly Field) Airport,Alabama,United States,America/Chicago
LFMT,Montpellier-Mediterranee Airport,,France,Europe/Paris
KMPV,Edward F Knapp State Airport,Vermont,United States,America/New_York
CYUL,Montreal / Pierre Elliott Trudeau International Airport,Quebec,Canada,America/Toronto
KMTJ,Montrose Regional Airport,Colorado,United States,America/Denver
MMMM,General Francisco J. Mujica International Airport,,Mexico,America/Mexico_City
FMCH,Prince Said Ibrahim International Airport,,Comoros,Indian/Comoro
UUDD,Domodedovo International Airport,,Russia,Europe/Moscow
UUEE,Sheremetyevo International Airport,,Russia,Europe/Moscow
KMWH,Grant County International Airport,Washington,United States,America/Los_Angeles
YBMA,Mount Isa Airport,Queensland,Australia,Australia/Brisbane
EGYP,Mount Pleasant Airport / RAF Mount Pleasant,,Falkland Islands,Atlantic/Stanley
OPMT,Multan International Airport,,Pakistan,Asia/Karachi
VABB,Chhatrapati Shivaji Maharaj International Airport,,India,Asia/Calcutta
EDDM,Munich Airport,,Germany,Europe/Berlin
OOMS,Muscat International Airport,,Oman,Asia/Muscat
KMSL,Northwest Alabama Regional Airport,Alabama,United States,America/Chicago
KMKG,Muskegon County Airport,Michigan,United States,America/New_York
KMYR,Myrtle Beach International Airport,South Carolina,United States,America/New_York
FTTJ,N'Djamena International Airport,,Chad,Africa/Ndjamena
NFFN,Nadi International Airport,,Fiji,Pacific/Fiji
RJFU,Nagasaki Airport,,Japan,Asia/Tokyo
RJGG,Chubu Centrair International Airport,,Japan,Asia/Tokyo
RJNA,Nagoya Airport / JASDF Komaki Air Base,,Japan,Asia/Tokyo
HKJK,Jomo Kenyatta International Airport,,Kenya,Africa/Nairobi
FQNP,Nampula Airport,,Mozambique,Africa/Maputo
CYCD,Nanaimo Airport,British Columbia,Canada,America/Vancouver
ZSCN,Nanchang Changbei International Airport,,China,Asia/Shanghai
ZUNC,Nanchong Gaoping Airport,,China,Asia/Shanghai
ZSNJ,Nanjing Lukou International Airport,,China,Asia/Shanghai
ZGNN,Nanning Wuxu International Airport,,China,Asia/Shanghai
LFRS,Nantes Atlantique Airport,,France,Europe/Paris
KACK,Nantucket Memorial Airport,Massachusetts,United States,America/New_York
KAPF,Naples Municipal Airport,Florida,United States,America/New_York
LIRN,Naples International Airport,,Italy,Europe/Rome
BGBW,Narsarsuaq Airport,,Greenland,America/Godthab
KBNA,Nashville International Airport,Tennessee,United States,America/Chicago
MYNN,Lynden Pindling International Airport,,Bahamas,America/Nassau
NFNA,Nausori International Airport,,Fiji,Pacific/Fiji
SBNF,Ministro Victor Konder International Airport,,Brazil,America/Sao_Paulo
FLSK,Simon Mwansa Kapwepwe International Airport,,Zambia,Africa/Lusaka
OENG,Najran Domestic Airport,,Saudi Arabia,Asia/Riyadh
SAZN,Presidente Peron International Airport,,Argentina,America/Argentina/Salta
TKPN,Vance W. Amory International Airport,,Saint Kitts And Nevis,America/St_Kitts
KEWB,New Bedford Regional Airport,Massachusetts,United States,America/New_York
KEWN,Coastal Carolina Regional Airport,North Carolina,United States,America/New_York
KSWF,New York Stewart International Airport,New York,United States,America/New_York
YWLM,Newcastle Airport,New South Wales,Australia,Australia/Sydney
EGNT,Newcastle International Airport,,United Kingdom,Europe/London
KHVN,Tweed New Haven Airport,Connecticut,United States,America/New_York
YNWN,Newman Airport,Western Australia,Australia,Australia/Perth
KMSY,Louis Armstrong New Orleans International Airport,Louisiana,United States,America/Chicago
KPHF,Newport News Williamsburg International Airport,Virginia,United States,America/New_York
KEFK,Northeast Kingdom International Airport,Vermont,United States,America/New_York
KJFK,John F. Kennedy International Airport,New York,United States,America/New_York
KLGA,LaGuardia Airport,New York,United States,America/New_York
KEWR,Newark Liberty International Airport,New Jersey,United States,America/New_York
VVCR,Cam Ranh International Airport / Cam Ranh Air Base,,Vietnam,Asia/Saigon
LFMN,Nice-Cote d'Azur Airport,,France,Europe/Paris
ZSNB,Ningbo Lishe International Airport,,China,Asia/Shanghai
MMNG,Nogales International Airport,,Mexico,America/Hermosillo
PAOM,Nome Airport,Alaska,United States,America/Anchorage
KOFK,Karl Stefan Memorial Airport,Nebraska,United States,America/Chicago
KORF,Norfolk International Airport,Virginia,United States,America/New_York
CYVQ,Norman Wells Airport,Northwest Territories,Canada,America/Edmonton
KOTH,Southwest Oregon Regional Airport,Oregon,United States,America/Los_Angeles
MYEH,North Eleuthera Airport,,Bahamas,America/Nassau
KLBF,North Platte Regional Airport Lee Bird Field,Nebraska,United States,America/Chicago
PAOR,Northway Airport,Alaska,United States,America/Anchorage
EGSH,Norwich Airport,,United Kingdom,Europe/London
GQNN,Nouakchott,,Mauritania,Africa/Nouakchott
GQNO,NouakchottOumtounsy International Airport,,Mauritania,Africa/Nouakchott
NWWW,La Tontouta International Airport,,New Caledonia,Pacific/Noumea
MMNL,Quetzalcoatl International Airport,,Mexico,America/Mexico_City
EDDN,Nuremberg Airport,,Germany,Europe/Berlin
KOAK,San Francisco Bay Oakland International Airport,California,United States,America/Los_Angeles
MMOX,Xoxocotlan International Airport,,Mexico,America/Mexico_City
KOCF,Ocala International Airport - Jim Taylor Field,Florida,United States,America/New_York
KOGD,Ogden Hinckley Airport,Utah,United States,America/Denver
RJOB,Okayama Momotaro Airport,,Japan,Asia/Tokyo
ROAH,Naha International Airport,,Japan,Asia/Tokyo
KOKC,OKC Will Rogers World Airport,Oklahoma,United States,America/Chicago
KOLM,Olympia Regional Airport,Washington,United States,America/Los_Angeles
KOMA,Eppley Airfield,Nebraska,United States,America/Chicago
KONT,Ontario International Airport,California,United States,America/Los_Angeles
KONO,Ontario Municipal Airport,Oregon,United States,America/Denver
EBOS,Ostend-Bruges International Airport,,Belgium,Europe/Brussels
LROD,Oradea International Airport,,Romania,Europe/Bucharest
DAOO,Oran Es-Senia (Ahmed Ben Bella) International Airport,,Algeria,Africa/Algiers
KSNA,John Wayne Orange County International Airport,California,United States,America/Los_Angeles
TNCA,Queen Beatrix International Airport,,Aruba,America/Aruba
ZBDS,Ordos Ejin Horo International Airport,,China,Asia/Shanghai
KMCO,Orlando International Airport,Florida,United States,America/New_York
KSFB,Orlando Sanford International Airport,Florida,United States,America/New_York
SLOR,Juan Mendoza International Airport,,Bolivia,America/La_Paz
RJOO,Osaka Itami International Airport,,Japan,Asia/Tokyo
RJBB,Kansai International Airport,,Japan,Asia/Tokyo
KOSH,Wittman Regional Airport,Wisconsin,United States,America/Chicago
ENGM,Oslo-Gardermoen International Airport,,Norway,Europe/Oslo
LKMT,Leos Janacek Airport Ostrava,,Czech Republic,Europe/Prague
CYOW,Ottawa Macdonald-Cartier International Airport,Ontario,Canada,America/Toronto
KOWB,Owensboro Daviess County Airport,Kentucky,United States,America/Chicago
KOXR,Oxnard Airport,California,United States,America/Los_Angeles
KPAH,Barkley Regional Airport,Kentucky,United States,America/Chicago
KPGA,Page Municipal Airport,Arizona,United States,America/Phoenix
NSTU,Pago Pago International Airport,,American Samoa,Pacific/Pago_Pago
EYPA,Palanga International Airport,,Lithuania,Europe/Vilnius
WIPP,Sultan Mahmud Badaruddin II Airport,,Indonesia,Asia/Jakarta
LICJ,FalconeBorsellino Airport,,Italy,Europe/Rome
LEPA,Palma de Mallorca Airport,,Spain,Europe/Madrid
KPMD,Palmdale Regional Airport / USAF Plant 42 Airport,California,United States,America/Los_Angeles
KPSP,Palm Springs International Airport,California,United States,America/Los_Angeles
WAML,Palu,,Indonesia,Asia/Makassar
KPFN,Panama City,Florida,United States,America/Chicago
KECP,Northwest Florida Beaches International Airport,Florida,United States,America/Chicago
MPTO,Tocumen International Airport,,Panama,America/Panama
NTAA,Fa'a'a International Airport,,French Polynesia,Pacific/Tahiti
LCPH,Paphos International Airport,,Cyprus,Asia/Nicosia
SMJP,Johan Adolf Pengel International Airport,,Suriname,America/Paramaribo
SAAP,General Urquiza Airport,,Argentina,America/Cordoba
LFPG,Charles de Gaulle International Airport,,France,Europe/Paris
LFPB,Paris-Le Bourget International Airport,,France,Europe/Paris
LFPO,Paris-Orly Airport,,France,Europe/Paris
VQPR,Paro International Airport,,Bhutan,Asia/Thimphu
KPSC,Tri Cities Airport,Washington,United States,America/Los_Angeles
KPRB,Paso Robles Municipal Airport,California,United States,America/Los_Angeles
LFBP,Pau Pyrenees Airport,,France,Europe/Paris
WIBB,Sultan Syarif Kasim II International Airport / Roesmin Nurjadin AFB,,Indonesia,Asia/Jakarta
KPLN,Pellston Regional Airport of Emmet County Airport,Michigan,United States,America/New_York
WMKP,Penang International Airport,,Malaysia,Asia/Kuala_Lumpur
KPNS,Pensacola International Airport,Florida,United States,America/Chicago
CYYF,Penticton Airport,British Columbia,Canada,America/Vancouver
KPIA,General Wayne A. Downing Peoria International Airport,Illinois,United States,America/Chicago
YPPH,Perth International Airport,Western Australia,Australia,Australia/Perth
OPPS,Bacha Khan International Airport,,Pakistan,Asia/Karachi
SBPL,Senador Nilo Coelho Airport,,Brazil,America/Fortaleza
KPHL,Philadelphia International Airport,Pennsylvania,United States,America/New_York
VDPP,Phnom Penh International Airport,,Cambodia,Asia/Phnom_Penh
KPHX,Phoenix Sky Harbor International Airport,Arizona,United States,America/Phoenix
VTSP,Phuket International Airport,,Thailand,Asia/Bangkok
VVPQ,Phu Quoc International Airport,,Vietnam,Asia/Saigon
KPIR,Pierre Regional Airport,South Dakota,United States,America/Chicago
LIRP,Pisa International Airport,,Italy,Europe/Rome
KPIT,Pittsburgh International Airport,Pennsylvania,United States,America/New_York
KPSF,Pittsfield Municipal Airport,Massachusetts,United States,America/New_York
VVPK,Pleiku Airport,,Vietnam,Asia/Saigon
KPIH,Pocatello Regional Airport,Idaho,United States,America/Denver
TFFR,Maryse Conde International Airport,,Guadeloupe,America/Guadeloupe
TJPS,Mercedita International Airport,,Puerto Rico,America/Puerto_Rico
LPPD,Joao Paulo II Airport,,Portugal,Atlantic/Azores
KCLM,William R Fairchild International Airport,Washington,United States,America/Los_Angeles
MTPP,Toussaint Louverture International Airport,,Haiti,America/Port-au-Prince
YPPD,Port Hedland International Airport,Western Australia,Australia,Australia/Perth
KPWM,Portland International Jetport,Maine,United States,America/New_York
KPDX,Portland International Airport,Oregon,United States,America/Los_Angeles
FIMP,Sir Seewoosagur Ramgoolam International Airport,,Mauritius,Indian/Mauritius
AYPY,Port Moresby Jacksons International Airport,,Papua New Guinea,Pacific/Port_Moresby
SBPA,Porto Alegre-Salgado Filho International Airport,,Brazil,America/Sao_Paulo
TTPP,Piarco International Airport,,Trinidad And Tobago,America/Port_of_Spain
LPPR,Francisco de Sa Carneiro Airport,,Portugal,Europe/Lisbon
SBPS,Porto Seguro International Airport,,Brazil,America/Fortaleza
SBPV,Governador Jorge Teixeira de Oliveira International Airport,,Brazil,America/Boa_Vista
NVVV,Bauerfield International Airport,,Vanuatu,Pacific/Efate
SARP,Libertador Gral D Jose De San Martin Airport,,Argentina,America/Cordoba
MMPA,El Tajin National Airport,,Mexico,America/Mexico_City
EPPO,Poznan-awica Airport,,Poland,Europe/Warsaw
LKPR,Vaclav Havel Airport Prague,,Czech Republic,Europe/Prague
WADL,Lombok International Airport,,Indonesia,Asia/Makassar
KPRC,Prescott Regional Airport - Ernest A. Love Field,Arizona,United States,America/Phoenix
KPQI,Presque Isle International Airport,Maine,United States,America/New_York
KPUC,Carbon County Regional Airport / Buck Davis Field,Utah,United States,America/Denver
CYXS,Prince George (International) Airport,British Columbia,Canada,America/Vancouver
TNCM,Princess Juliana International Airport,,Sint Maarten,America/Curacao
YBPN,Proserpine Whitsunday Coast Airport,Queensland,Australia,Australia/Brisbane
KPVD,Rhode Island T. F. Green International Airport,Rhode Island,United States,America/New_York
MBPV,Providenciales International Airport,,Turks And Caicos Islands,America/Grand_Turk
KPVU,Provo Municipal Airport,Utah,United States,America/Denver
MMPB,Hermanos Serdan International Airport,,Mexico,America/Mexico_City
KPUB,Pueblo Memorial Airport,Colorado,United States,America/Denver
MMPS,Puerto Escondido International Airport,,Mexico,America/Mexico_City
MMPE,Mar de Cortes International Airport,,Mexico,America/Hermosillo
MDPP,Gregorio Luperon International Airport,,Dominican Republic,America/Santo_Domingo
MMPR,Puerto Vallarta International Airport,,Mexico,America/Mexico_City
KPUW,Pullman-Moscow Regional Airport,Washington,United States,America/Los_Angeles
MDPC,Punta Cana International Airport,,Dominican Republic,America/Santo_Domingo
KPGD,Punta Gorda Airport,Florida,United States,America/New_York
RKPK,Gimhae International Airport,,South Korea,Asia/Seoul
ZSQD,Qingdao Jiaodong International Airport,,China,Asia/Shanghai
ZBDH,Qinhuangdao Beidaihe Airport,,China,Asia/Shanghai
ZJQH,Qionghai Bo'ao Airport,,China,Asia/Shanghai
ZYQQ,Qiqihar Sanjiazi Airport,,China,Asia/Shanghai
ZSQZ,Quanzhou Jinjiang International Airport,,China,Asia/Shanghai
CYQB,Quebec Jean Lesage International Airport,Quebec,Canada,America/Toronto
NZQN,Queenstown Airport,,New Zealand,Pacific/Auckland
MMQT,Queretaro Intercontinental Airport,,Mexico,America/Mexico_City
VVPC,Phu Cat Airport,,Vietnam,Asia/Saigon
SEQM,Mariscal Sucre International Airport,,Ecuador,America/Guayaquil
SEQQ,Quito,,Ecuador,America/Guayaquil
GMME,Rabat-Sale Airport,,Morocco,Africa/Casablanca
OERF,Rafha Domestic Airport,,Saudi Arabia,Asia/Riyadh
VIAR,Sri Guru Ram Das Ji International Airport,,India,Asia/Calcutta
KRDU,Raleigh-Durham International Airport,North Carolina,United States,America/New_York
KRAP,Rapid City Regional Airport,South Dakota,United States,America/Denver
SBRF,Recife/Guararapes - Gilberto Freyre International Airport,,Brazil,America/Fortaleza
KRDD,Redding Municipal Airport,California,United States,America/Los_Angeles
KRDM,Roberts Field,Oregon,United States,America/Los_Angeles
LICR,Reggio Calabria Airport,,Italy,Europe/Rome
CYQR,Regina International Airport,Saskatchewan,Canada,America/Regina
LFRN,Rennes-Saint-Jacques Airport,,France,Europe/Paris
KRNO,Reno Tahoe International Airport,Nevada,United States,America/Los_Angeles
SARE,Resistencia International Airport,,Argentina,America/Cordoba
BIRK,Reykjavik Domestic Airport,,Iceland,Atlantic/Reykjavik
MMRX,General Lucio Blanco International Airport,,Mexico,America/Mexico_City
KRHI,Rhinelander Oneida County Airport,Wisconsin,United States,America/Chicago
LGRP,"Rhodes International Airport ""Diagoras""",,Greece,Europe/Athens
SLRI,Capitan Av. Selin Zeitun Lopez Airport,,Bolivia,America/La_Paz
KRIF,Richfield Municipal Airport,Utah,United States,America/Denver
KRIC,Richmond International Airport,Virginia,United States,America/New_York
KRIL,Garfield County Regional Airport,Colorado,United States,America/Denver
SBRB,Rio Branco-Placido de Castro International Airport,,Brazil,America/Rio_Branco
SAOC,Area De Material Airport,,Argentina,America/Cordoba
SBGL,Rio Galeao Tom Jobim International Airport,,Brazil,America/Sao_Paulo
SBRJ,Santos Dumont Airport,,Brazil,America/Sao_Paulo
SAWG,Piloto Civil Norberto Fernandez International Airport,,Argentina,America/Argentina/Rio_Gallegos
SAWE,Hermes Quijada International Airport,,Argentina,America/Argentina/Ushuaia
KRAL,Riverside Municipal Airport,California,United States,America/Los_Angeles
OERK,King Khalid International Airport,,Saudi Arabia,Asia/Riyadh
ZSRZ,Rizhao Shanzihe Airport,,China,Asia/Shanghai
KROA,RoanokeBlacksburg Regional Airport,Virginia,United States,America/New_York
MHRO,Juan Manuel Galvez International Airport,,Honduras,America/Tegucigalpa
KRST,Rochester International Airport,Minnesota,United States,America/Chicago
KROC,Frederick Douglass Greater Rochester International Airport,New York,United States,America/New_York
KRFD,Chicago Rockford International Airport,Illinois,United States,America/Chicago
YBRK,Rockhampton Airport,Queensland,Australia,Australia/Brisbane
KRKD,Knox County Regional Airport,Maine,United States,America/New_York
MYER,Rock Sound International Airport,,Bahamas,America/Nassau
KRKS,Southwest Wyoming Regional Airport,Wyoming,United States,America/Denver
KRWI,Rocky Mount Wilson Regional Airport,North Carolina,United States,America/New_York
LIRF,RomeFiumicino Leonardo da Vinci International Airport,,Italy,Europe/Rome
SAAR,Rosario Islas Malvinas International Airport,,Argentina,America/Cordoba
KRBG,Roseburg Regional Airport,Oregon,United States,America/Los_Angeles
PGRO,Rota International Airport,,Northern Mariana Islands,Pacific/Saipan
EHRD,Rotterdam The Hague Airport,,Netherlands,Europe/Amsterdam
EFRO,Rovaniemi Airport,,Finland,Europe/Helsinki
KSMF,Sacramento International Airport,California,United States,America/Los_Angeles
KMBS,MBS International Airport,Michigan,United States,America/New_York
PGSN,Saipan International Airport,,Northern Mariana Islands,Pacific/Saipan
KSLE,Salem-Willamette Valley Airport/McNary Field,Oregon,United States,America/Los_Angeles
KSBY,Salisbury Ocean City Wicomico Regional Airport,Maryland,United States,America/New_York
GVAC,Amilcar Cabral International Airport,,Cape Verde,Atlantic/Cape_Verde
SASA,Martin Miguel de Guemes International Airport,,Argentina,America/Argentina/Salta
MMIO,Plan De Guadalupe International Airport,,Mexico,America/Mexico_City
KSLC,Salt Lake City International Airport,Utah,United States,America/Denver
SBSV,Deputado Luiz Eduardo Magalhaes International Airport,,Brazil,America/Fortaleza
LOWS,Salzburg Airport,,Austria,Europe/Vienna
OYSN,Sanaa International Airport,,Yemen,Asia/Aden
KSJT,San Angelo Regional Mathis Field,Texas,United States,America/Chicago
KSAT,San Antonio International Airport,Texas,United States,America/Chicago
SAZS,Teniente Luis Candelaria International Airport,,Argentina,America/Argentina/Salta
KSAN,San Diego International Airport,California,United States,America/Los_Angeles
KSFO,San Francisco International Airport,California,United States,America/Los_Angeles
SLSM,San Ignacio de Moxos Airport,,Bolivia,America/La_Paz
SLJO,San Joaquin Airport,,Bolivia,America/La_Paz
KSJC,Norman Y. Mineta San Jose International Airport,California,United States,America/Los_Angeles
MROC,Juan Santamaria International Airport,,Costa Rica,America/Costa_Rica
MMSD,Los Cabos International Airport,,Mexico,America/Mazatlan
SANU,Domingo Faustino Sarmiento Airport,,Argentina,America/Argentina/San_Juan
TJSJ,Luis Munoz Marin International Airport,,Puerto Rico,America/Puerto_Rico
SAOU,Brigadier Mayor D Cesar Raul Ojeda Airport,,Argentina,America/Argentina/San_Luis
KSBP,San Luis County Regional Airport,California,United States,America/Los_Angeles
MMSP,Ponciano Arriaga International Airport,,Mexico,America/Mexico_City
SAZY,Aviador C. Campos Airport,,Argentina,America/Argentina/Salta
MHLM,Ramon Villeda Morales International Airport,,Honduras,America/Tegucigalpa
SAMR,Suboficial Ay Santiago Germano Airport,,Argentina,America/Mendoza
MYSM,San Salvador International Airport,,Bahamas,America/Nassau
MSLP,El Salvador International Airport Saint Oscar Arnulfo Romero y Galdamez,,El Salvador,America/El_Salvador
KSBA,Santa Barbara Municipal Airport,California,United States,America/Los_Angeles
SLVR,Viru Viru International Airport,,Bolivia,America/La_Paz
SAAV,Sauce Viejo Airport,,Argentina,America/Cordoba
KSAF,Santa Fe Municipal Airport,New Mexico,United States,America/Denver
LPAZ,Santa Maria Airport,,Portugal,Atlantic/Azores
KSMX,Santa Maria Public Airport Captain G Allan Hancock Field,California,United States,America/Los_Angeles
SBSN,Santarem - Maestro Wilson Fonseca International Airport,,Brazil,America/Belem
SAZR,Santa Rosa Airport,,Argentina,America/Argentina/Salta
KSTS,Charles M. Schulz Sonoma County Airport,California,United States,America/Los_Angeles
SCEL,Comodoro Arturo Merino Benitez International Airport,,Chile,America/Santiago
SANE,Vicecomodoro Angel D. La Paz Aragones Airport,,Argentina,America/Cordoba
MDST,Cibao International Airport,,Dominican Republic,America/Santo_Domingo
MDSD,Las Americas International Airport,,Dominican Republic,America/Santo_Domingo
ZJSY,Sanya Phoenix International Airport,,China,Asia/Shanghai
SBSJ,Professor Urbano Ernesto Stumpf Airport,,Brazil,America/Sao_Paulo
SBSP,CongonhasDeputado Freitas Nobre Airport,,Brazil,America/Sao_Paulo
SBGR,Sao Paulo/GuarulhosGovernor Andre Franco Montoro International Airport,,Brazil,America/Sao_Paulo
SBKP,Viracopos International Airport,,Brazil,America/Sao_Paulo
KSRQ,Sarasota Bradenton International Airport,Florida,United States,America/New_York
CYXE,Saskatoon John G. Diefenbaker International Airport,Saskatchewan,Canada,America/Regina
LRSM,Satu Mare International Airport,,Romania,Europe/Bucharest
KCIU,Chippewa County International Airport,Michigan,United States,America/New_York
CYAM,Sault Ste Marie Airport,Ontario,Canada,America/Toronto
KSAV,Savannah Hilton Head International Airport,Georgia,United States,America/New_York
KBFF,Western Neb. Rgnl/William B. Heilig Airport,Nebraska,United States,America/Denver
KSEA,SeattleTacoma International Airport,Washington,United States,America/Los_Angeles
HLLS,Sabha Airport,,Libya,Africa/Tripoli
WARS,Jenderal Ahmad Yani Airport,,Indonesia,Asia/Jakarta
RKSS,Gimpo International Airport,,South Korea,Asia/Seoul
RKSI,Incheon International Airport,,South Korea,Asia/Seoul
CYZV,Sept-Iles Airport,Quebec,Canada,America/Toronto
LEZL,Seville Airport,,Spain,Europe/Madrid
ZSSS,Shanghai Hongqiao International Airport,,China,Asia/Shanghai
ZSPD,Shanghai Pudong International Airport,,China,Asia/Shanghai
ZPDQ,Diqing Shangri-La Airport,,China,Asia/Shanghai
EINN,Shannon Airport,,Ireland,Europe/Dublin
ZGOW,Jieyang Chaoshan International Airport,,China,Asia/Shanghai
OMSJ,Sharjah International Airport,,United Arab Emirates,Asia/Dubai
HESH,Sharm El Sheikh International Airport,,Egypt,Africa/Cairo
OESH,Sharurah Domestic Airport,,Saudi Arabia,Asia/Riyadh
ZYTX,Shenyang Taoxian International Airport,,China,Asia/Shanghai
ZGSZ,Shenzhen Bao'an International Airport,,China,Asia/Shanghai
KSHR,Sheridan County Airport,Wyoming,United States,America/Denver
ZBSJ,Shijiazhuang Zhengding International Airport,,China,Asia/Shanghai
ZHSY,Shiyan Wudangshan Airport,,China,Asia/Shanghai
RJNS,Mount Fuji Shizuoka Airport,,Japan,Asia/Tokyo
KSHV,Shreveport Regional Airport,Louisiana,United States,America/Chicago
KSDY,Sidney - Richland Regional Airport,Montana,United States,America/Denver
VDSR,Siem-Reap,,Cambodia,Asia/Phnom_Penh
ZPSM,Pu'er Simao Airport,,China,Asia/Shanghai
WSSS,Singapore Changi Airport,,Singapore,Asia/Singapore
KSUX,Sioux Gateway Airport / Brigadier General Bud Day Field,Iowa,United States,America/Chicago
KFSD,Sioux Falls Regional Airport,South Dakota,United States,America/Chicago
PASI,Sitka Rocky Gutierrez Airport,Alaska,United States,America/Anchorage
PAGY,Skagway Airport,Alaska,United States,America/Anchorage
PASW,Skwentna Airport,Alaska,United States,America/Anchorage
LBSF,Sofia Airport,,Bulgaria,Europe/Sofia
WAHQ,Surakarta,,Indonesia,Asia/Jakarta
WASS,Domine Eduard Osok Airport,,Indonesia,Asia/Jayapura
EGHI,Southampton Airport,,United Kingdom,Europe/London
KSBN,South Bend International Airport,Indiana,United States,America/New_York
KSOP,Moore County Airport,North Carolina,United States,America/New_York
KSPA,Spartanburg Downtown Memorial Airport,South Carolina,United States,America/New_York
KSPF,Black Hills Airport-Clyde Ice Field,South Dakota,United States,America/Denver
KGEG,Spokane International Airport,Washington,United States,America/Los_Angeles
KSPI,Abraham Lincoln Capital Airport,Illinois,United States,America/Chicago
KSGF,Springfield Branson National Airport,Missouri,United States,America/Chicago
TGPY,Maurice Bishop International Airport,,Grenada,America/Grenada
KDXZ,St. George,Utah,United States,America/Denver
KSGU,St George Regional Airport,Utah,United States,America/Denver
TFFJ,St. Jean Airport,,Saint Barthelemy,America/St_Barthelemy
KSTP,Saint Paul Downtown Holman Field,Minnesota,United States,America/Chicago
KUNV,State College Regional Airport,Pennsylvania,United States,America/New_York
ENZV,"Stavanger Airport, Sola",,Norway,Europe/Oslo
KSTC,Saint Cloud Regional Airport,Minnesota,United States,America/Chicago
TISX,Henry E. Rohlsen Airport,,U.S. Virgin Islands,America/St_Thomas
FMEE,Roland Garros Airport,,Reunion,Indian/Reunion
CYJT,Stephenville Dymond International Airport,Newfoundland And Labrador,Canada,America/St_Johns
KSTE,Stevens Point Municipal Airport,Wisconsin,United States,America/Chicago
TAPA,V. C. Bird International Airport,,Antigua And Barbuda,America/Antigua
CYYT,St. John's International Airport,Newfoundland And Labrador,Canada,America/St_Johns
KSTL,St. Louis Lambert International Airport,Missouri,United States,America/Chicago
ESSA,Stockholm-Arlanda Airport,,Sweden,Europe/Stockholm
KSCK,Stockton Metropolitan Airport,California,United States,America/Los_Angeles
KPIE,St. Petersburg Clearwater International Airport,Florida,United States,America/New_York
ULLI,Pulkovo Airport,,Russia,Europe/Moscow
LFST,Strasbourg Airport,,France,Europe/Paris
TIST,Cyril E. King Airport,,U.S. Virgin Islands,America/St_Thomas
LFTZ,La Mole Airport,,France,Europe/Paris
EDDS,Stuttgart Airport,,Germany,Europe/Berlin
LRSV,Suceava Stefan cel Mare International Airport,,Romania,Europe/Bucharest
CYSB,Sudbury Airport,Ontario,Canada,America/Toronto
YBSU,Sunshine Coast Airport,Queensland,Australia,Australia/Brisbane
KSUN,Friedman Memorial Airport,Idaho,United States,America/Denver
WIOO,Supadio International Airport,,Indonesia,Asia/Jakarta
WARR,Juanda International Airport,,Indonesia,Asia/Jakarta
YSSY,Sydney Kingsford Smith International Airport,New South Wales,Australia,Australia/Sydney
CYQY,Sydney / J.A. Douglas McCurdy Airport,Nova Scotia,Canada,America/Halifax
KSYR,Syracuse Hancock International Airport,New York,United States,America/New_York
OETF,Taif International Airport,,Saudi Arabia,Asia/Riyadh
OETB,Prince Sultan bin Abdulaziz International Airport,,Saudi Arabia,Asia/Riyadh
ZWTC,Tacheng Qianquan Airport,,China,Asia/Shanghai
KTIW,Tacoma Narrows Airport,Washington,United States,America/Los_Angeles
RCMQ,Taichung International Airport / Ching Chuang Kang Air Base,,Taiwan,Asia/Taipei
RCSS,Taipei Songshan International Airport,,Taiwan,Asia/Taipei
RCTP,Taiwan Taoyuan International Airport,,Taiwan,Asia/Taipei
ZBYN,Taiyuan Wusu International Airport,,China,Asia/Shanghai
SPYL,Captain Victor Montes Arias International Airport,,Peru,America/Lima
KTLH,Tallahassee International Airport,Florida,United States,America/New_York
EETN,Lennart Meri Tallinn Airport,,Estonia,Europe/Tallinn
DAAT,Aguenar Hadj Bey Akhamok Airport,,Algeria,Africa/Algiers
KTPA,Tampa International Airport,Florida,United States,America/New_York
MMTM,General Francisco Javier Mina International Airport,,Mexico,America/Mexico_City
GMTT,Tangier Ibn Battuta Airport,,Morocco,Africa/Casablanca
ZBTS,Tangshan,,China,Asia/Shanghai
WIDN,Raja Haji Fisabilillah International Airport,,Indonesia,Asia/Jakarta
MMTP,Tapachula International Airport,,Mexico,America/Mexico_City
WAQQ,Tarakan,,Indonesia,Asia/Makassar
EGNV,Teesside International Airport,,United Kingdom,Europe/London
SBTF,Tefe Airport,,Brazil,America/Boa_Vista
MHTG,Toncontin Airport,,Honduras,America/Tegucigalpa
OIII,Mehrabad International Airport,,Iran,Asia/Tehran
LLBG,Ben Gurion International Airport,,Israel,Asia/Jerusalem
KTEX,Telluride Regional Airport,Colorado,United States,America/Denver
GCXO,Tenerife Norte-Ciudad de La Laguna Airport,,Spain,Atlantic/Canary
GCTS,Tenerife Sur Airport,,Spain,Atlantic/Canary
ZPTC,Tengchong,,China,Asia/Shanghai
SBTE,Senador Petronio Portela Airport,,Brazil,America/Fortaleza
WAMT,Ternate,,Indonesia,Asia/Jayapura
CYXT,Northwest Regional Airport Terrace-Kitimat,British Columbia,Canada,America/Vancouver
KTXK,Texarkana Regional Airport (Webb Field),Arkansas,United States,America/Chicago
EHTX,Texel International Airport,,Netherlands,Europe/Amsterdam
LGTS,Thessaloniki Macedonia International Airport,,Greece,Europe/Athens
TQPF,Clayton J. Lloyd International Airport,,Anguilla,America/Anguilla
KTVF,Thief River Falls Regional Airport,Minnesota,United States,America/Chicago
VVTX,Tho Xuan Airport,,Vietnam,Asia/Bangkok
CYQT,Thunder Bay International Airport,Ontario,Canada,America/Toronto
ZBTJ,Tianjin Binhai International Airport,,China,Asia/Shanghai
MMTJ,General Abelardo L. Rodriguez International Airport,,Mexico,America/Tijuana
LRTR,Timisoara Traian Vuia International Airport,,Romania,Europe/Bucharest
PGWT,Tinian International Airport,,Northern Mariana Islands,Pacific/Saipan
RJTT,Tokyo Haneda International Airport,,Japan,Asia/Tokyo
RJAA,Narita International Airport,,Japan,Asia/Tokyo
KTOL,Eugene F. Kranz Toledo Express Airport,Ohio,United States,America/New_York
MMTO,Adolfo Lopez Mateos International Airport,,Mexico,America/Mexico_City
ZYTN,Tonghua Sanyuanpu Airport,,China,Asia/Shanghai
KTVY,Bolinder Field Tooele Valley Airport,Utah,United States,America/Denver
KFOE,Topeka Regional Airport,Kansas,United States,America/Chicago
CYYZ,Toronto Pearson International Airport,Ontario,Canada,America/Toronto
ENTO,"Sandefjord Airport, Torp",,Norway,Europe/Oslo
MMTC,Francisco Sarabia Tinoco International Airport,,Mexico,America/Mexico_City
TUPJ,Terrance B. Lettsome International Airport,,British Virgin Islands,America/Tortola
LFBO,Toulouse-Blagnac Airport,,France,Europe/Paris
YBTL,Townsville Airport / RAAF Base Townsville,Queensland,Australia,Australia/Brisbane
KTVC,Cherry Capital Airport,Michigan,United States,America/New_York
MYAT,Treasure Cay Airport,,Bahamas,America/Nassau
SAVT,Almirante Marco Andres Zar Airport,,Argentina,America/Catamarca
KTTN,Trenton Mercer Airport,New Jersey,United States,America/New_York
LIPQ,Trieste Airport,,Italy,Europe/Rome
SLTR,Teniente Av. Jorge Henrich Arauz Airport,,Bolivia,America/La_Paz
HLLT,Tripoli,,Libya,Africa/Tripoli
ENTC,Troms Airport,,Norway,Europe/Oslo
ENVA,"Trondheim Airport, Vrnes",,Norway,Europe/Oslo
KTUS,Tucson International Airport,Arizona,United States,America/Phoenix
SANT,Teniente Benjamin Matienzo International Airport,,Argentina,America/Argentina/Tucuman
KTUL,Tulsa International Airport,Oklahoma,United States,America/Chicago
MMTL,Felipe Carrillo Puerto International Airport Tulum,,Mexico,America/Cancun
DTTA,Tunis Carthage International Airport,,Tunisia,Africa/Tunis
KTUP,Tupelo Regional Airport,Mississippi,United States,America/Chicago
OETR,Turaif Domestic Airport,,Saudi Arabia,Asia/Riyadh
LIMF,Turin Airport,,Italy,Europe/Rome
EFTU,Turku Airport,,Finland,Europe/Helsinki
MMTG,Angel Albino Corzo International Airport,,Mexico,America/Mexico_City
VVTH,Dong Tac Airport,,Vietnam,Asia/Saigon
EHTW,Twente Airport,,Netherlands,Europe/Amsterdam
KTWF,Joslin Field Magic Valley Regional Airport,Idaho,United States,America/Denver
KTYR,Tyler Pounds Regional Airport,Texas,United States,America/Chicago
SBUL,Ten. Cel. Aviador Cesar Bombonato Airport,,Brazil,America/Sao_Paulo
WAAA,Sultan Hasanuddin International Airport,,Indonesia,Asia/Makassar
ZMUB,Buyant-Ukhaa International Airport,,Mongolia,Asia/Ulaanbaatar
RKPU,Ulsan Airport,,South Korea,Asia/Seoul
ZWWW,Urumqi Tianshan International Airport,,China,Asia/Shanghai
SAWH,Ushuaia - Malvinas Argentinas International Airport,,Argentina,America/Argentina/Ushuaia
EFVA,Vaasa Airport,,Finland,Europe/Helsinki
KEGE,Eagle County Regional Airport,Colorado,United States,America/Denver
KVLD,Valdosta Regional Airport,Georgia,United States,America/New_York
LEVC,Valencia Airport,,Spain,Europe/Madrid
CYVR,Vancouver International Airport,British Columbia,Canada,America/Vancouver
MUVR,Juan Gualberto Gomez International Airport,,Cuba,America/Havana
LIPZ,Venice Marco Polo Airport,,Italy,Europe/Rome
MMVR,General Heriberto Jara International Airport,,Mexico,America/Mexico_City
KVRB,Vero Beach Regional Airport,Florida,United States,America/New_York
LIPX,Verona Villafranca Valerio Catullo Airport,,Italy,Europe/Rome
CYYJ,Victoria International Airport,British Columbia,Canada,America/Vancouver
FVFA,Victoria Falls International Airport,,Zimbabwe,Africa/Harare
KVCT,Victoria Regional Airport,Texas,United States,America/Chicago
KVCV,Southern California Logistics Airport,California,United States,America/Los_Angeles
LOWW,Vienna International Airport,,Austria,Europe/Vienna
VLVT,Wattay International Airport,,Laos,Asia/Vientiane
LEVX,Vigo Airport,,Spain,Europe/Madrid
MMVA,Carlos Rovirosa Perez International Airport,,Mexico,America/Mexico_City
EYVI,Vilnius International Airport,,Lithuania,Europe/Vilnius
KMVY,Martha's Vineyard Airport,Massachusetts,United States,America/New_York
VVVH,Vinh Airport,,Vietnam,Asia/Saigon
TUPW,Virgin Gorda Airport,,British Virgin Islands,America/Tortola
SBVT,Eurico de Aguiar Salles International Airport,,Brazil,America/Sao_Paulo
KACT,Waco Regional Airport,Texas,United States,America/Chicago
OEWD,Wadi Al Dawasir Domestic Airport,,Saudi Arabia,Asia/Riyadh
YSWG,Wagga Wagga Airport,New South Wales,Australia,Australia/Sydney
PWAK,Wake Island Airfield,,United States Minor Outlying Islands,Pacific/Johnston
KALW,Walla Walla Regional Airport,Washington,United States,America/Los_Angeles
ZUWX,Wanzhou Wuqiao Airport,,China,Asia/Shanghai
EPWA,Warsaw Chopin Airport,,Poland,Europe/Warsaw
KIAD,Washington Dulles International Airport,Virginia,United States,America/New_York
KDCA,Ronald Reagan Washington National Airport,District Of Columbia,United States,America/New_York
KALO,Waterloo Regional Airport,Iowa,United States,America/Chicago
KATY,Watertown Regional Airport,South Dakota,United States,America/Chicago
CYQH,Watson Lake Airport,Yukon,Canada,America/Vancouver
KAUW,Wausau Downtown Airport,Wisconsin,United States,America/Chicago
KCWA,Central Wisconsin Airport,Wisconsin,United States,America/Chicago
ZSWH,Weihai Dashuibo Airport,,China,Asia/Shanghai
KEAT,Pangborn Memorial Airport,Washington,United States,America/Los_Angeles
ZSWZ,Wenzhou Longwan International Airport,,China,Asia/Shanghai
KPBI,Palm Beach International Airport,Florida,United States,America/New_York
KWYS,Yellowstone Airport,Montana,United States,America/Denver
CYXY,Whitehorse / Erik Nielsen International Airport,Yukon,Canada,America/Vancouver
KHPN,Westchester County Airport,New York,United States,America/New_York
KSPS,Wichita Falls Municipal Airport / Sheppard Air Force Base,Texas,United States,America/Chicago
KICT,Wichita Dwight D. Eisenhower National Airport,Kansas,United States,America/Chicago
KAVP,Wilkes-Barre/Scranton International Airport,Pennsylvania,United States,America/New_York
KISN,Williston,North Dakota,United States,America/Chicago
KXWA,Williston Basin International Airport,North Dakota,United States,America/Chicago
KILG,Wilmington Airport,Delaware,United States,America/New_York
KILM,Wilmington International Airport,North Carolina,United States,America/New_York
FYWH,Hosea Kutako International Airport,,Namibia,Africa/Windhoek
CYQG,Windsor International Airport,Ontario,Canada,America/Toronto
CYWG,Winnipeg / James Armstrong Richardson International Airport,Manitoba,Canada,America/Winnipeg
KONA,Winona Municipal Airport Max Conrad Field,Minnesota,United States,America/Chicago
KINT,Smith Reynolds Airport,North Carolina,United States,America/New_York
KOLF,L M Clayton Airport,Montana,United States,America/Denver
KORH,Worcester Regional Airport,Massachusetts,United States,America/New_York
KOTG,Worthington Municipal Airport,Minnesota,United States,America/Chicago
EPWR,Copernicus Wrocaw Airport,,Poland,Europe/Warsaw
ZBUH,Wuhai Airport,,China,Asia/Shanghai
ZHHH,Wuhan Tianhe International Airport,,China,Asia/Shanghai
ZSWX,Sunan Shuofang International Airport,,China,Asia/Shanghai
ZPDL,Dali Fengyi Airport,,China,Asia/Shanghai
ZSAM,Xiamen Gaoqi International Airport,,China,Asia/Shanghai
ZLXY,Xi'an Xianyang International Airport,,China,Asia/Shanghai
ZUXC,Xichang Qingshan Airport,,China,Asia/Shanghai
ZUYI,Xingyi Wanfenglin Airport,,China,Asia/Shanghai
ZLXN,Xining Caojiabao International Airport,,China,Asia/Shanghai
ZBXZ,Xinzhou Wutaishan Airport,,China,Asia/Shanghai
KYKM,Yakima Air Terminal McAllister Field,Washington,United States,America/Los_Angeles
PAYA,Yakutat Airport,Alaska,United States,America/Anchorage
ZLYA,Yan'an Nanniwan Airport,,China,Asia/Shanghai
ZSYN,Yancheng Nanyang International Airport,,China,Asia/Shanghai
VYYY,Yangon International Airport,,Myanmar,Asia/Rangoon
ZYYJ,Yanji Chaoyangchuan Airport,,China,Asia/Shanghai
KYKN,Chan Gurney Municipal Airport,South Dakota,United States,America/Chicago
ZSYT,Yantai Penglai International Airport,,China,Asia/Shanghai
FKYS,Yaounde Nsimalen International Airport,,Cameroon,Africa/Douala
CYZF,Yellowknife International Airport,Northwest Territories,Canada,America/Edmonton
OEYN,Prince Abdulmohsen Bin Abdulaziz International Airport,,Saudi Arabia,Asia/Riyadh
RKJY,Yeosu Airport,,South Korea,Asia/Seoul
UDYZ,Zvartnots International Airport,,Armenia,Asia/Yerevan
ZUYB,Yibin Wuliangye Airport,,China,Asia/Shanghai
ZHYC,Yichang Sanxia Airport,,China,Asia/Shanghai
ZYLD,Yichun Lindu Airport,,China,Asia/Shanghai
ZLIC,Yinchuan Hedong International Airport,,China,Asia/Shanghai
ZSYW,Yiwu Airport,,China,Asia/Shanghai
WAHI,Yogyakarta International Airport,,Indonesia,Asia/Jakarta
KYNG,Youngstown Warren Regional Airport,Ohio,United States,America/New_York
KYIP,Willow Run Airport,Michigan,United States,America/New_York
ZLYL,Yulin Yuyang Airport,,China,Asia/Shanghai
KNYL,Yuma International Airport / Marine Corps Air Station Yuma,Arizona,United States,America/Phoenix
ZBYC,Yuncheng Yanhu International Airport,,China,Asia/Shanghai
ZLYS,Yushu Batang Airport,,China,Asia/Shanghai
MMZC,General Leobardo C. Ruiz International Airport,,Mexico,America/Mexico_City
LDZA,Zagreb Franjo Tuman International Airport,,Croatia,Europe/Zagreb
HTZA,Abeid Amani Karume International Airport,,Tanzania,Africa/Dar_es_Salaam
ZGDY,Zhangjiajie Hehua International Airport,,China,Asia/Shanghai
ZBZJ,Zhangjiakou Ningyuan Airport,,China,Asia/Shanghai
ZLZY,Zhangye Ganzhou Airport,,China,Asia/Shanghai
ZGZJ,Zhanjiang Wuchuan International Airport,,China,Asia/Shanghai
ZPZT,Zhaotong Airport,,China,Asia/Shanghai
ZHCC,Zhengzhou Xinzheng International Airport,,China,Asia/Shanghai
ZSZS,Zhoushan Putuoshan International Airport,,China,Asia/Shanghai
ZGSD,Zhuhai Jinwan Airport,,China,Asia/Shanghai
ZUZY,Zunyi Xinzhou Airport,,China,Asia/Shanghai
ZUMT,Zunyi Maotai Airport,,China,Asia/Shanghai
LSZH,Zurich Airport,,Switzerland,Europe/Zurich
